event_id,session_id,event_type,severity,timestamp,duration_seconds,is_flagged
1,1,tab_switch,info,2026-09-03 22:11:31.543479,0,False
2,1,face_absent,warning,2026-09-03 22:33:42.543479,22,True
3,1,audio_spike,info,2026-09-03 22:05:55.543479,0,False
4,2,tab_switch,info,2026-09-06 10:07:41.174241,0,False
5,2,face_absent,warning,2026-09-06 10:12:24.174241,11,True
6,2,audio_spike,info,2026-09-06 10:11:33.174241,0,False
7,3,tab_switch,info,2026-09-03 23:30:40.442048,0,False
8,3,tab_switch,info,2026-09-03 23:04:07.442048,0,False
9,3,focus_loss,info,2026-09-03 23:39:47.442048,28,False
10,3,focus_loss,info,2026-09-03 22:57:56.442048,6,False
11,3,face_absent,warning,2026-09-03 22:54:02.442048,8,True
12,3,audio_spike,info,2026-09-03 22:53:57.442048,0,False
13,4,focus_loss,info,2026-09-05 22:02:21.227784,17,False
14,4,face_absent,warning,2026-09-05 21:31:28.227784,20,True
15,5,face_absent,warning,2026-09-09 15:03:29.620427,15,True
16,5,audio_spike,info,2026-09-09 15:03:11.620427,0,False
17,6,tab_switch,warning,2026-08-26 08:42:56.496166,0,True
18,6,tab_switch,warning,2026-08-26 08:52:20.496166,0,True
19,6,tab_switch,warning,2026-08-26 09:11:01.496166,0,True
20,6,tab_switch,warning,2026-08-26 09:13:20.496166,0,True
21,6,focus_loss,warning,2026-08-26 09:01:24.496166,28,True
22,6,focus_loss,warning,2026-08-26 09:12:30.496166,24,True
23,6,focus_loss,warning,2026-08-26 08:34:02.496166,18,True
24,6,focus_loss,warning,2026-08-26 08:43:43.496166,9,True
25,6,focus_loss,warning,2026-08-26 08:27:27.496166,9,True
26,6,focus_loss,warning,2026-08-26 09:13:41.496166,21,True
27,6,face_absent,warning,2026-08-26 09:00:28.496166,109,True
28,6,multi_face,critical,2026-08-26 08:27:37.496166,0,True
29,6,audio_spike,info,2026-08-26 09:14:31.496166,0,False
30,6,audio_spike,info,2026-08-26 08:44:52.496166,0,False
31,7,tab_switch,warning,2026-08-22 22:52:01.836433,0,True
32,7,tab_switch,warning,2026-08-22 22:59:14.836433,0,True
33,7,tab_switch,warning,2026-08-22 22:51:13.836433,0,True
34,7,tab_switch,warning,2026-08-22 23:27:10.836433,0,True
35,7,tab_switch,warning,2026-08-22 22:51:11.836433,0,True
36,7,tab_switch,warning,2026-08-22 23:02:36.836433,0,True
37,7,focus_loss,warning,2026-08-22 22:54:44.836433,15,True
38,7,focus_loss,warning,2026-08-22 23:03:21.836433,21,True
39,7,focus_loss,warning,2026-08-22 23:27:08.836433,21,True
40,7,focus_loss,warning,2026-08-22 23:28:49.836433,4,True
41,7,focus_loss,warning,2026-08-22 23:15:10.836433,5,True
42,7,focus_loss,warning,2026-08-22 23:26:23.836433,24,True
43,7,focus_loss,warning,2026-08-22 23:22:14.836433,21,True
44,7,face_absent,warning,2026-08-22 23:08:08.836433,26,True
45,7,face_absent,warning,2026-08-22 23:04:21.836433,27,True
46,7,face_absent,warning,2026-08-22 23:00:29.836433,27,True
47,7,audio_spike,info,2026-08-22 23:07:59.836433,0,False
48,7,audio_spike,info,2026-08-22 23:02:50.836433,0,False
49,7,audio_spike,info,2026-08-22 23:04:40.836433,0,False
50,8,tab_switch,warning,2026-08-25 11:36:34.858840,0,True
51,8,tab_switch,warning,2026-08-25 11:04:57.858840,0,True
52,8,tab_switch,warning,2026-08-25 11:03:08.858840,0,True
53,8,tab_switch,warning,2026-08-25 11:34:50.858840,0,True
54,8,tab_switch,warning,2026-08-25 11:12:41.858840,0,True
55,8,tab_switch,warning,2026-08-25 11:32:40.858840,0,True
56,8,tab_switch,warning,2026-08-25 11:16:14.858840,0,True
57,8,tab_switch,warning,2026-08-25 11:07:10.858840,0,True
58,8,tab_switch,warning,2026-08-25 11:21:57.858840,0,True
59,8,tab_switch,warning,2026-08-25 11:02:49.858840,0,True
60,8,tab_switch,warning,2026-08-25 11:14:48.858840,0,True
61,8,tab_switch,warning,2026-08-25 11:23:21.858840,0,True
62,8,tab_switch,warning,2026-08-25 11:17:35.858840,0,True
63,8,tab_switch,warning,2026-08-25 11:08:54.858840,0,True
64,8,focus_loss,warning,2026-08-25 11:35:13.858840,17,True
65,8,focus_loss,warning,2026-08-25 11:18:47.858840,25,True
66,8,focus_loss,warning,2026-08-25 11:34:14.858840,22,True
67,8,focus_loss,warning,2026-08-25 11:35:59.858840,3,True
68,8,focus_loss,warning,2026-08-25 11:05:12.858840,12,True
69,8,focus_loss,warning,2026-08-25 11:16:11.858840,7,True
70,8,focus_loss,warning,2026-08-25 11:05:26.858840,6,True
71,8,focus_loss,warning,2026-08-25 11:35:54.858840,26,True
72,8,focus_loss,warning,2026-08-25 11:16:43.858840,7,True
73,8,focus_loss,warning,2026-08-25 11:39:25.858840,12,True
74,8,focus_loss,warning,2026-08-25 11:21:32.858840,9,True
75,8,face_absent,warning,2026-08-25 11:12:01.858840,61,True
76,8,face_absent,warning,2026-08-25 11:41:25.858840,61,True
77,8,face_absent,warning,2026-08-25 11:16:09.858840,62,True
78,8,multi_face,critical,2026-08-25 11:32:38.858840,0,True
79,8,multi_face,critical,2026-08-25 11:31:29.858840,0,True
80,8,audio_spike,warning,2026-08-25 11:15:16.858840,0,True
81,8,audio_spike,warning,2026-08-25 11:01:36.858840,0,True
82,8,audio_spike,warning,2026-08-25 11:04:26.858840,0,True
83,8,audio_spike,warning,2026-08-25 11:41:26.858840,0,True
84,8,audio_spike,warning,2026-08-25 11:27:02.858840,0,True
85,8,audio_spike,warning,2026-08-25 11:17:01.858840,0,True
86,8,audio_spike,warning,2026-08-25 11:01:08.858840,0,True
87,9,tab_switch,warning,2026-08-24 23:40:39.352354,0,True
88,9,tab_switch,warning,2026-08-24 23:03:01.352354,0,True
89,9,tab_switch,warning,2026-08-24 23:10:00.352354,0,True
90,9,tab_switch,warning,2026-08-24 23:07:30.352354,0,True
91,9,tab_switch,warning,2026-08-24 23:12:32.352354,0,True
92,9,tab_switch,warning,2026-08-24 23:39:36.352354,0,True
93,9,tab_switch,warning,2026-08-24 23:04:49.352354,0,True
94,9,tab_switch,warning,2026-08-24 23:27:34.352354,0,True
95,9,tab_switch,warning,2026-08-24 23:42:07.352354,0,True
96,9,focus_loss,warning,2026-08-24 23:12:28.352354,20,True
97,9,focus_loss,warning,2026-08-24 23:11:04.352354,16,True
98,9,focus_loss,warning,2026-08-24 23:23:24.352354,4,True
99,9,focus_loss,warning,2026-08-24 23:05:05.352354,14,True
100,9,focus_loss,warning,2026-08-24 23:16:42.352354,14,True
101,9,focus_loss,warning,2026-08-24 23:19:24.352354,24,True
102,9,focus_loss,warning,2026-08-24 23:09:23.352354,24,True
103,9,focus_loss,warning,2026-08-24 23:40:35.352354,14,True
104,9,focus_loss,warning,2026-08-24 23:30:06.352354,30,True
105,9,focus_loss,warning,2026-08-24 23:12:55.352354,22,True
106,9,face_absent,critical,2026-08-24 23:18:31.352354,135,True
107,9,face_absent,critical,2026-08-24 23:13:27.352354,135,True
108,9,face_absent,critical,2026-08-24 23:14:27.352354,136,True
109,9,multi_face,critical,2026-08-24 23:30:30.352354,0,True
110,9,multi_face,critical,2026-08-24 23:04:03.352354,0,True
111,9,multi_face,critical,2026-08-24 23:14:36.352354,0,True
112,9,audio_spike,warning,2026-08-24 23:25:02.352354,0,True
113,9,audio_spike,warning,2026-08-24 23:30:28.352354,0,True
114,9,audio_spike,warning,2026-08-24 23:19:18.352354,0,True
115,9,audio_spike,warning,2026-08-24 23:20:34.352354,0,True
116,9,audio_spike,warning,2026-08-24 23:13:14.352354,0,True
117,9,audio_spike,warning,2026-08-24 23:09:44.352354,0,True
118,10,tab_switch,warning,2026-09-04 07:00:34.639328,0,True
119,10,tab_switch,warning,2026-09-04 06:46:57.639328,0,True
120,10,tab_switch,warning,2026-09-04 06:58:32.639328,0,True
121,10,tab_switch,warning,2026-09-04 07:12:33.639328,0,True
122,10,tab_switch,warning,2026-09-04 07:07:45.639328,0,True
123,10,tab_switch,warning,2026-09-04 07:04:22.639328,0,True
124,10,tab_switch,warning,2026-09-04 06:50:05.639328,0,True
125,10,tab_switch,warning,2026-09-04 07:04:24.639328,0,True
126,10,tab_switch,warning,2026-09-04 07:09:19.639328,0,True
127,10,tab_switch,warning,2026-09-04 07:29:08.639328,0,True
128,10,focus_loss,warning,2026-09-04 07:12:38.639328,19,True
129,10,focus_loss,warning,2026-09-04 07:21:57.639328,24,True
130,10,focus_loss,warning,2026-09-04 06:47:14.639328,13,True
131,10,focus_loss,warning,2026-09-04 07:03:10.639328,6,True
132,10,focus_loss,warning,2026-09-04 07:24:59.639328,8,True
133,10,focus_loss,warning,2026-09-04 06:47:57.639328,11,True
134,10,focus_loss,warning,2026-09-04 07:26:04.639328,6,True
135,10,focus_loss,warning,2026-09-04 07:08:56.639328,16,True
136,10,focus_loss,warning,2026-09-04 07:06:45.639328,26,True
137,10,face_absent,warning,2026-09-04 07:15:08.639328,89,True
138,10,face_absent,warning,2026-09-04 07:26:44.639328,90,True
139,10,face_absent,warning,2026-09-04 07:20:15.639328,90,True
140,10,face_absent,warning,2026-09-04 06:53:14.639328,90,True
141,10,multi_face,critical,2026-09-04 07:11:38.639328,0,True
142,10,multi_face,critical,2026-09-04 07:24:42.639328,0,True
143,10,audio_spike,info,2026-09-04 06:58:19.639328,0,False
144,10,audio_spike,info,2026-09-04 07:02:44.639328,0,False
145,10,audio_spike,info,2026-09-04 06:48:22.639328,0,False
146,10,audio_spike,info,2026-09-04 07:15:07.639328,0,False
147,11,tab_switch,warning,2026-09-02 07:21:42.465696,0,True
148,11,tab_switch,warning,2026-09-02 07:00:35.465696,0,True
149,11,tab_switch,warning,2026-09-02 06:47:40.465696,0,True
150,11,tab_switch,warning,2026-09-02 06:59:40.465696,0,True
151,11,tab_switch,warning,2026-09-02 07:13:47.465696,0,True
152,11,tab_switch,warning,2026-09-02 07:00:16.465696,0,True
153,11,tab_switch,warning,2026-09-02 07:07:02.465696,0,True
154,11,tab_switch,warning,2026-09-02 07:01:26.465696,0,True
155,11,tab_switch,warning,2026-09-02 07:06:38.465696,0,True
156,11,tab_switch,warning,2026-09-02 06:59:21.465696,0,True
157,11,focus_loss,warning,2026-09-02 06:47:51.465696,20,True
158,11,focus_loss,warning,2026-09-02 07:07:52.465696,9,True
159,11,focus_loss,warning,2026-09-02 07:05:02.465696,24,True
160,11,focus_loss,warning,2026-09-02 06:51:02.465696,24,True
161,11,focus_loss,warning,2026-09-02 07:18:01.465696,22,True
162,11,focus_loss,warning,2026-09-02 07:06:53.465696,12,True
163,11,focus_loss,warning,2026-09-02 06:39:11.465696,20,True
164,11,focus_loss,warning,2026-09-02 06:58:45.465696,12,True
165,11,focus_loss,warning,2026-09-02 07:08:30.465696,9,True
166,11,focus_loss,warning,2026-09-02 07:18:45.465696,28,True
167,11,focus_loss,warning,2026-09-02 07:01:09.465696,22,True
168,11,face_absent,warning,2026-09-02 07:10:54.465696,53,True
169,11,face_absent,warning,2026-09-02 07:09:19.465696,54,True
170,11,face_absent,warning,2026-09-02 07:09:21.465696,54,True
171,11,face_absent,warning,2026-09-02 06:53:45.465696,54,True
172,11,multi_face,critical,2026-09-02 07:14:03.465696,0,True
173,11,multi_face,critical,2026-09-02 07:11:28.465696,0,True
174,11,multi_face,critical,2026-09-02 06:50:45.465696,0,True
175,11,audio_spike,warning,2026-09-02 06:44:57.465696,0,True
176,11,audio_spike,warning,2026-09-02 06:58:32.465696,0,True
177,11,audio_spike,warning,2026-09-02 07:14:21.465696,0,True
178,11,audio_spike,warning,2026-09-02 07:22:22.465696,0,True
179,11,audio_spike,warning,2026-09-02 07:21:26.465696,0,True
180,12,tab_switch,warning,2026-08-26 17:09:10.590352,0,True
181,12,tab_switch,warning,2026-08-26 17:24:54.590352,0,True
182,12,tab_switch,warning,2026-08-26 17:34:11.590352,0,True
183,12,tab_switch,warning,2026-08-26 16:57:26.590352,0,True
184,12,tab_switch,warning,2026-08-26 17:23:33.590352,0,True
185,12,focus_loss,info,2026-08-26 17:35:27.590352,16,False
186,12,focus_loss,info,2026-08-26 17:05:44.590352,21,False
187,12,focus_loss,info,2026-08-26 17:18:40.590352,25,False
188,12,focus_loss,info,2026-08-26 17:19:44.590352,18,False
189,12,face_absent,warning,2026-08-26 17:09:07.590352,78,True
190,12,audio_spike,info,2026-08-26 17:02:32.590352,0,False
191,13,tab_switch,info,2026-09-04 21:42:25.696798,0,False
192,13,tab_switch,info,2026-09-04 21:00:20.696798,0,False
193,13,tab_switch,info,2026-09-04 20:42:53.696798,0,False
194,13,focus_loss,warning,2026-09-04 20:44:31.696798,17,True
195,13,focus_loss,warning,2026-09-04 21:29:45.696798,28,True
196,13,focus_loss,warning,2026-09-04 21:38:50.696798,24,True
197,13,focus_loss,warning,2026-09-04 21:47:36.696798,20,True
198,13,focus_loss,warning,2026-09-04 21:26:44.696798,13,True
199,13,focus_loss,warning,2026-09-04 21:35:14.696798,22,True
200,13,face_absent,warning,2026-09-04 21:24:34.696798,82,True
201,13,multi_face,critical,2026-09-04 21:41:07.696798,0,True
202,13,audio_spike,info,2026-09-04 21:27:11.696798,0,False
203,14,tab_switch,warning,2026-09-06 04:17:26.918262,0,True
204,14,tab_switch,warning,2026-09-06 04:36:51.918262,0,True
205,14,tab_switch,warning,2026-09-06 03:43:56.918262,0,True
206,14,tab_switch,warning,2026-09-06 03:48:46.918262,0,True
207,14,tab_switch,warning,2026-09-06 04:11:20.918262,0,True
208,14,tab_switch,warning,2026-09-06 03:21:51.918262,0,True
209,14,focus_loss,info,2026-09-06 03:50:17.918262,25,False
210,14,focus_loss,info,2026-09-06 03:48:22.918262,10,False
211,14,focus_loss,info,2026-09-06 03:54:56.918262,13,False
212,14,focus_loss,info,2026-09-06 03:22:17.918262,20,False
213,14,focus_loss,info,2026-09-06 03:31:52.918262,7,False
214,14,face_absent,critical,2026-09-06 03:42:51.918262,141,True
215,14,multi_face,critical,2026-09-06 04:03:34.918262,0,True
216,14,audio_spike,info,2026-09-06 03:32:08.918262,0,False
217,14,audio_spike,info,2026-09-06 03:40:29.918262,0,False
218,14,audio_spike,info,2026-09-06 03:20:03.918262,0,False
219,15,tab_switch,info,2026-08-25 18:56:31.657753,0,False
220,15,tab_switch,info,2026-08-25 18:28:20.657753,0,False
221,15,focus_loss,info,2026-08-25 18:52:13.657753,15,False
222,15,face_absent,warning,2026-08-25 18:39:32.657753,8,True
223,16,tab_switch,info,2026-09-03 03:04:01.485971,0,False
224,16,tab_switch,info,2026-09-03 03:16:29.485971,0,False
225,16,focus_loss,info,2026-09-03 03:20:27.485971,30,False
226,16,face_absent,warning,2026-09-03 03:36:44.485971,5,True
227,16,audio_spike,info,2026-09-03 03:37:48.485971,0,False
228,17,tab_switch,warning,2026-09-05 19:17:51.750250,0,True
229,17,tab_switch,warning,2026-09-05 19:18:33.750250,0,True
230,17,tab_switch,warning,2026-09-05 19:26:41.750250,0,True
231,17,tab_switch,warning,2026-09-05 18:59:48.750250,0,True
232,17,tab_switch,warning,2026-09-05 19:21:38.750250,0,True
233,17,focus_loss,warning,2026-09-05 19:29:34.750250,8,True
234,17,focus_loss,warning,2026-09-05 18:40:54.750250,17,True
235,17,focus_loss,warning,2026-09-05 19:08:39.750250,22,True
236,17,focus_loss,warning,2026-09-05 18:59:05.750250,3,True
237,17,focus_loss,warning,2026-09-05 19:10:43.750250,21,True
238,17,focus_loss,warning,2026-09-05 18:34:03.750250,24,True
239,17,face_absent,warning,2026-09-05 18:37:55.750250,31,True
240,17,face_absent,warning,2026-09-05 19:16:04.750250,32,True
241,17,multi_face,critical,2026-09-05 19:01:27.750250,0,True
242,17,audio_spike,info,2026-09-05 18:41:27.750250,0,False
243,17,audio_spike,info,2026-09-05 19:31:22.750250,0,False
244,18,tab_switch,warning,2026-08-24 18:05:37.161656,0,True
245,18,tab_switch,warning,2026-08-24 18:08:27.161656,0,True
246,18,tab_switch,warning,2026-08-24 18:01:34.161656,0,True
247,18,tab_switch,warning,2026-08-24 18:11:21.161656,0,True
248,18,tab_switch,warning,2026-08-24 17:59:48.161656,0,True
249,18,focus_loss,warning,2026-08-24 17:48:10.161656,29,True
250,18,focus_loss,warning,2026-08-24 17:43:54.161656,18,True
251,18,focus_loss,warning,2026-08-24 18:19:24.161656,26,True
252,18,focus_loss,warning,2026-08-24 18:06:28.161656,4,True
253,18,focus_loss,warning,2026-08-24 17:47:16.161656,10,True
254,18,focus_loss,warning,2026-08-24 17:45:19.161656,27,True
255,18,face_absent,warning,2026-08-24 17:44:42.161656,43,True
256,18,face_absent,warning,2026-08-24 17:59:27.161656,44,True
257,18,multi_face,critical,2026-08-24 17:56:11.161656,0,True
258,18,audio_spike,info,2026-08-24 17:43:58.161656,0,False
259,18,audio_spike,info,2026-08-24 18:24:59.161656,0,False
260,19,tab_switch,warning,2026-09-07 03:22:31.807749,0,True
261,19,tab_switch,warning,2026-09-07 03:30:12.807749,0,True
262,19,tab_switch,warning,2026-09-07 03:16:29.807749,0,True
263,19,tab_switch,warning,2026-09-07 03:46:23.807749,0,True
264,19,focus_loss,warning,2026-09-07 03:12:51.807749,22,True
265,19,focus_loss,warning,2026-09-07 03:16:12.807749,27,True
266,19,focus_loss,warning,2026-09-07 03:12:24.807749,12,True
267,19,focus_loss,warning,2026-09-07 03:06:47.807749,21,True
268,19,focus_loss,warning,2026-09-07 03:44:20.807749,12,True
269,19,focus_loss,warning,2026-09-07 03:30:39.807749,24,True
270,19,face_absent,warning,2026-09-07 03:32:06.807749,24,True
271,19,face_absent,warning,2026-09-07 03:18:34.807749,25,True
272,19,face_absent,warning,2026-09-07 03:10:13.807749,25,True
273,19,audio_spike,info,2026-09-07 03:45:27.807749,0,False
274,19,audio_spike,info,2026-09-07 03:47:51.807749,0,False
275,20,tab_switch,info,2026-09-09 21:49:00.621013,0,False
276,20,tab_switch,info,2026-09-09 21:28:25.621013,0,False
277,20,tab_switch,info,2026-09-09 21:58:15.621013,0,False
278,20,focus_loss,warning,2026-09-09 21:47:00.621013,23,True
279,20,focus_loss,warning,2026-09-09 21:52:23.621013,3,True
280,20,focus_loss,warning,2026-09-09 21:57:10.621013,29,True
281,20,focus_loss,warning,2026-09-09 21:53:18.621013,6,True
282,20,focus_loss,warning,2026-09-09 22:07:06.621013,14,True
283,20,focus_loss,warning,2026-09-09 21:55:06.621013,29,True
284,20,focus_loss,warning,2026-09-09 21:34:09.621013,25,True
285,20,face_absent,warning,2026-09-09 21:53:26.621013,104,True
286,20,multi_face,critical,2026-09-09 21:35:44.621013,0,True
287,20,audio_spike,info,2026-09-09 21:59:20.621013,0,False
288,20,audio_spike,info,2026-09-09 21:42:09.621013,0,False
289,20,audio_spike,info,2026-09-09 22:05:45.621013,0,False
290,21,tab_switch,info,2026-08-24 15:43:14.907438,0,False
291,21,tab_switch,info,2026-08-24 14:52:26.907438,0,False
292,21,focus_loss,info,2026-08-24 15:17:18.907438,11,False
293,21,focus_loss,info,2026-08-24 15:37:45.907438,10,False
294,21,face_absent,warning,2026-08-24 15:18:15.907438,25,True
295,22,tab_switch,info,2026-08-23 01:55:53.703297,0,False
296,22,tab_switch,info,2026-08-23 01:36:20.703297,0,False
297,22,focus_loss,info,2026-08-23 01:40:28.703297,18,False
298,22,face_absent,warning,2026-08-23 01:59:57.703297,6,True
299,22,audio_spike,info,2026-08-23 01:46:47.703297,0,False
300,23,tab_switch,info,2026-08-28 11:49:57.012398,0,False
301,23,tab_switch,info,2026-08-28 12:00:35.012398,0,False
302,23,focus_loss,info,2026-08-28 12:11:51.012398,26,False
303,23,face_absent,warning,2026-08-28 12:17:28.012398,38,True
304,24,tab_switch,info,2026-09-04 10:33:53.306094,0,False
305,24,tab_switch,info,2026-09-04 11:01:21.306094,0,False
306,24,focus_loss,info,2026-09-04 11:16:23.306094,10,False
307,24,face_absent,warning,2026-09-04 10:54:24.306094,33,True
308,25,tab_switch,warning,2026-09-09 19:39:42.531199,0,True
309,25,tab_switch,warning,2026-09-09 19:09:43.531199,0,True
310,25,tab_switch,warning,2026-09-09 19:12:36.531199,0,True
311,25,tab_switch,warning,2026-09-09 19:26:31.531199,0,True
312,25,tab_switch,warning,2026-09-09 19:01:33.531199,0,True
313,25,focus_loss,warning,2026-09-09 18:58:53.531199,12,True
314,25,focus_loss,warning,2026-09-09 18:41:02.531199,10,True
315,25,focus_loss,warning,2026-09-09 18:50:51.531199,26,True
316,25,focus_loss,warning,2026-09-09 18:40:53.531199,13,True
317,25,focus_loss,warning,2026-09-09 19:37:43.531199,26,True
318,25,focus_loss,warning,2026-09-09 18:49:50.531199,27,True
319,25,face_absent,warning,2026-09-09 18:50:43.531199,42,True
320,25,face_absent,warning,2026-09-09 18:54:06.531199,42,True
321,25,face_absent,warning,2026-09-09 19:30:40.531199,43,True
322,25,multi_face,critical,2026-09-09 19:02:19.531199,0,True
323,25,audio_spike,info,2026-09-09 19:45:03.531199,0,False
324,25,audio_spike,info,2026-09-09 19:36:11.531199,0,False
325,26,tab_switch,info,2026-08-30 03:02:41.931194,0,False
326,26,tab_switch,info,2026-08-30 02:23:20.931194,0,False
327,26,tab_switch,info,2026-08-30 03:34:20.931194,0,False
328,26,focus_loss,info,2026-08-30 02:58:52.931194,7,False
329,26,focus_loss,info,2026-08-30 02:28:51.931194,4,False
330,26,focus_loss,info,2026-08-30 03:01:18.931194,20,False
331,26,focus_loss,info,2026-08-30 02:38:39.931194,25,False
332,26,face_absent,warning,2026-08-30 03:48:30.931194,44,True
333,26,face_absent,warning,2026-08-30 03:28:26.931194,45,True
334,26,multi_face,critical,2026-08-30 02:35:25.931194,0,True
335,26,audio_spike,info,2026-08-30 02:23:05.931194,0,False
336,27,tab_switch,info,2026-09-05 04:30:35.139809,0,False
337,27,focus_loss,info,2026-09-05 03:39:33.139809,18,False
338,27,face_absent,warning,2026-09-05 04:27:53.139809,8,True
339,27,audio_spike,info,2026-09-05 03:36:13.139809,0,False
340,28,focus_loss,info,2026-08-24 00:46:38.818027,28,False
341,28,focus_loss,info,2026-08-24 00:14:01.818027,12,False
342,28,face_absent,warning,2026-08-24 00:25:09.818027,14,True
343,29,tab_switch,info,2026-09-04 17:25:40.625196,0,False
344,29,tab_switch,info,2026-09-04 17:24:36.625196,0,False
345,29,focus_loss,info,2026-09-04 17:44:31.625196,12,False
346,29,focus_loss,info,2026-09-04 17:05:51.625196,16,False
347,29,face_absent,warning,2026-09-04 17:41:48.625196,38,True
348,29,audio_spike,info,2026-09-04 17:48:57.625196,0,False
349,30,focus_loss,info,2026-09-03 12:03:03.116619,8,False
350,30,focus_loss,info,2026-09-03 12:45:40.116619,8,False
351,30,face_absent,warning,2026-09-03 11:40:33.116619,21,True
352,31,tab_switch,info,2026-08-24 12:12:47.183020,0,False
353,31,focus_loss,info,2026-08-24 12:16:17.183020,12,False
354,31,focus_loss,info,2026-08-24 12:27:58.183020,25,False
355,31,face_absent,warning,2026-08-24 12:01:50.183020,23,True
356,32,tab_switch,warning,2026-09-06 05:54:12.620736,0,True
357,32,tab_switch,warning,2026-09-06 06:02:10.620736,0,True
358,32,tab_switch,warning,2026-09-06 06:40:27.620736,0,True
359,32,tab_switch,warning,2026-09-06 05:53:44.620736,0,True
360,32,focus_loss,warning,2026-09-06 05:48:06.620736,5,True
361,32,focus_loss,warning,2026-09-06 06:38:08.620736,8,True
362,32,focus_loss,warning,2026-09-06 06:24:39.620736,12,True
363,32,focus_loss,warning,2026-09-06 06:40:18.620736,26,True
364,32,focus_loss,warning,2026-09-06 06:03:44.620736,21,True
365,32,focus_loss,warning,2026-09-06 05:52:31.620736,17,True
366,32,face_absent,critical,2026-09-06 06:16:01.620736,129,True
367,32,audio_spike,info,2026-09-06 06:31:02.620736,0,False
368,32,audio_spike,info,2026-09-06 06:04:47.620736,0,False
369,32,audio_spike,info,2026-09-06 06:31:48.620736,0,False
370,33,tab_switch,warning,2026-09-07 18:03:07.381288,0,True
371,33,tab_switch,warning,2026-09-07 17:34:59.381288,0,True
372,33,tab_switch,warning,2026-09-07 17:54:11.381288,0,True
373,33,tab_switch,warning,2026-09-07 17:30:04.381288,0,True
374,33,tab_switch,warning,2026-09-07 17:14:44.381288,0,True
375,33,tab_switch,warning,2026-09-07 17:19:13.381288,0,True
376,33,focus_loss,warning,2026-09-07 17:59:00.381288,10,True
377,33,focus_loss,warning,2026-09-07 18:11:43.381288,29,True
378,33,focus_loss,warning,2026-09-07 17:53:03.381288,21,True
379,33,focus_loss,warning,2026-09-07 18:05:11.381288,3,True
380,33,focus_loss,warning,2026-09-07 18:09:03.381288,24,True
381,33,focus_loss,warning,2026-09-07 17:52:19.381288,11,True
382,33,face_absent,critical,2026-09-07 17:15:43.381288,136,True
383,33,audio_spike,info,2026-09-07 18:05:04.381288,0,False
384,33,audio_spike,info,2026-09-07 18:04:36.381288,0,False
385,34,tab_switch,warning,2026-09-02 23:49:47.706883,0,True
386,34,tab_switch,warning,2026-09-02 23:22:26.706883,0,True
387,34,tab_switch,warning,2026-09-02 23:48:18.706883,0,True
388,34,tab_switch,warning,2026-09-02 23:39:58.706883,0,True
389,34,tab_switch,warning,2026-09-02 23:44:05.706883,0,True
390,34,tab_switch,warning,2026-09-02 23:38:58.706883,0,True
391,34,focus_loss,info,2026-09-02 23:23:21.706883,13,False
392,34,focus_loss,info,2026-09-02 23:27:11.706883,30,False
393,34,focus_loss,info,2026-09-02 23:44:19.706883,13,False
394,34,focus_loss,info,2026-09-02 23:50:02.706883,25,False
395,34,focus_loss,info,2026-09-02 23:43:33.706883,12,False
396,34,face_absent,critical,2026-09-02 23:53:46.706883,134,True
397,34,multi_face,critical,2026-09-02 23:18:43.706883,0,True
398,34,audio_spike,info,2026-09-02 23:47:15.706883,0,False
399,34,audio_spike,info,2026-09-02 23:22:13.706883,0,False
400,34,audio_spike,info,2026-09-02 23:37:41.706883,0,False
401,35,tab_switch,info,2026-08-24 21:09:13.994814,0,False
402,35,focus_loss,info,2026-08-24 20:53:49.994814,4,False
403,35,focus_loss,info,2026-08-24 21:05:42.994814,19,False
404,35,face_absent,warning,2026-08-24 21:23:31.994814,47,True
405,35,audio_spike,info,2026-08-24 21:32:39.994814,0,False
406,36,face_absent,warning,2026-09-10 06:26:35.887446,40,True
407,37,face_absent,warning,2026-09-06 11:04:17.184586,50,True
408,38,tab_switch,info,2026-08-29 04:51:27.701130,0,False
409,38,tab_switch,info,2026-08-29 04:04:29.701130,0,False
410,38,focus_loss,info,2026-08-29 04:09:28.701130,23,False
411,38,face_absent,warning,2026-08-29 04:56:29.701130,19,True
412,39,tab_switch,warning,2026-08-30 17:09:07.346526,0,True
413,39,tab_switch,warning,2026-08-30 17:41:45.346526,0,True
414,39,tab_switch,warning,2026-08-30 17:15:24.346526,0,True
415,39,tab_switch,warning,2026-08-30 18:11:13.346526,0,True
416,39,tab_switch,warning,2026-08-30 17:58:46.346526,0,True
417,39,tab_switch,warning,2026-08-30 17:08:01.346526,0,True
418,39,focus_loss,warning,2026-08-30 16:58:54.346526,30,True
419,39,focus_loss,warning,2026-08-30 17:46:02.346526,11,True
420,39,focus_loss,warning,2026-08-30 17:58:42.346526,13,True
421,39,focus_loss,warning,2026-08-30 16:49:44.346526,11,True
422,39,focus_loss,warning,2026-08-30 17:30:08.346526,12,True
423,39,focus_loss,warning,2026-08-30 18:09:31.346526,29,True
424,39,face_absent,warning,2026-08-30 18:08:33.346526,45,True
425,39,face_absent,warning,2026-08-30 17:56:14.346526,46,True
426,39,multi_face,critical,2026-08-30 17:09:40.346526,0,True
427,39,audio_spike,info,2026-08-30 17:50:21.346526,0,False
428,39,audio_spike,info,2026-08-30 18:02:55.346526,0,False
429,39,audio_spike,info,2026-08-30 17:55:30.346526,0,False
430,40,tab_switch,warning,2026-08-29 14:53:55.150399,0,True
431,40,tab_switch,warning,2026-08-29 14:43:43.150399,0,True
432,40,tab_switch,warning,2026-08-29 15:26:13.150399,0,True
433,40,tab_switch,warning,2026-08-29 15:20:43.150399,0,True
434,40,tab_switch,warning,2026-08-29 14:55:49.150399,0,True
435,40,tab_switch,warning,2026-08-29 14:30:45.150399,0,True
436,40,focus_loss,warning,2026-08-29 15:18:37.150399,13,True
437,40,focus_loss,warning,2026-08-29 15:15:55.150399,18,True
438,40,focus_loss,warning,2026-08-29 14:53:48.150399,28,True
439,40,focus_loss,warning,2026-08-29 15:13:05.150399,15,True
440,40,focus_loss,warning,2026-08-29 15:23:48.150399,28,True
441,40,focus_loss,warning,2026-08-29 14:38:10.150399,23,True
442,40,face_absent,warning,2026-08-29 15:01:35.150399,42,True
443,40,face_absent,warning,2026-08-29 14:30:18.150399,42,True
444,40,audio_spike,info,2026-08-29 14:36:24.150399,0,False
445,40,audio_spike,info,2026-08-29 15:02:04.150399,0,False
446,40,audio_spike,info,2026-08-29 15:08:04.150399,0,False
447,41,focus_loss,info,2026-09-01 04:22:35.232334,16,False
448,41,focus_loss,info,2026-09-01 04:44:06.232334,5,False
449,41,face_absent,warning,2026-09-01 04:30:08.232334,5,True
450,42,tab_switch,info,2026-08-29 01:26:40.096652,0,False
451,42,tab_switch,info,2026-08-29 01:47:50.096652,0,False
452,42,focus_loss,info,2026-08-29 01:56:53.096652,25,False
453,42,face_absent,warning,2026-08-29 01:38:21.096652,26,True
454,42,audio_spike,info,2026-08-29 01:41:59.096652,0,False
455,43,tab_switch,warning,2026-09-07 18:19:52.349283,0,True
456,43,tab_switch,warning,2026-09-07 17:07:04.349283,0,True
457,43,tab_switch,warning,2026-09-07 17:53:55.349283,0,True
458,43,tab_switch,warning,2026-09-07 17:16:03.349283,0,True
459,43,tab_switch,warning,2026-09-07 17:34:14.349283,0,True
460,43,tab_switch,warning,2026-09-07 16:57:18.349283,0,True
461,43,tab_switch,warning,2026-09-07 16:59:37.349283,0,True
462,43,tab_switch,warning,2026-09-07 17:37:38.349283,0,True
463,43,tab_switch,warning,2026-09-07 17:01:00.349283,0,True
464,43,tab_switch,warning,2026-09-07 17:33:24.349283,0,True
465,43,focus_loss,warning,2026-09-07 17:44:31.349283,14,True
466,43,focus_loss,warning,2026-09-07 17:13:13.349283,16,True
467,43,focus_loss,warning,2026-09-07 18:05:52.349283,10,True
468,43,focus_loss,warning,2026-09-07 18:10:37.349283,16,True
469,43,focus_loss,warning,2026-09-07 17:17:56.349283,24,True
470,43,focus_loss,warning,2026-09-07 17:17:15.349283,8,True
471,43,focus_loss,warning,2026-09-07 18:16:33.349283,5,True
472,43,focus_loss,warning,2026-09-07 17:45:34.349283,30,True
473,43,focus_loss,warning,2026-09-07 17:26:13.349283,22,True
474,43,focus_loss,warning,2026-09-07 18:12:58.349283,18,True
475,43,face_absent,warning,2026-09-07 17:12:53.349283,75,True
476,43,face_absent,warning,2026-09-07 17:25:03.349283,75,True
477,43,face_absent,warning,2026-09-07 17:56:18.349283,76,True
478,43,multi_face,critical,2026-09-07 18:20:26.349283,0,True
479,43,multi_face,critical,2026-09-07 17:28:01.349283,0,True
480,43,audio_spike,info,2026-09-07 17:56:05.349283,0,False
481,43,audio_spike,info,2026-09-07 17:28:12.349283,0,False
482,43,audio_spike,info,2026-09-07 16:54:37.349283,0,False
483,44,face_absent,warning,2026-09-07 05:11:33.435137,27,True
484,44,audio_spike,info,2026-09-07 04:56:53.435137,0,False
485,45,tab_switch,info,2026-08-24 13:51:03.610049,0,False
486,45,focus_loss,info,2026-08-24 14:28:34.610049,10,False
487,45,face_absent,warning,2026-08-24 14:54:35.610049,29,True
488,45,audio_spike,info,2026-08-24 14:25:30.610049,0,False
489,46,focus_loss,info,2026-09-09 19:42:47.870339,21,False
490,46,focus_loss,info,2026-09-09 20:43:55.870339,22,False
491,46,face_absent,warning,2026-09-09 20:15:10.870339,22,True
492,47,tab_switch,info,2026-09-03 15:27:54.510176,0,False
493,47,face_absent,warning,2026-09-03 16:01:27.510176,44,True
494,47,audio_spike,info,2026-09-03 15:25:11.510176,0,False
495,48,focus_loss,info,2026-09-07 07:44:41.921742,12,False
496,48,focus_loss,info,2026-09-07 07:50:44.921742,26,False
497,48,face_absent,warning,2026-09-07 07:34:22.921742,13,True
498,49,tab_switch,warning,2026-09-05 00:33:48.869508,0,True
499,49,tab_switch,warning,2026-09-05 00:21:03.869508,0,True
500,49,tab_switch,warning,2026-09-05 00:24:02.869508,0,True
501,49,tab_switch,warning,2026-09-05 00:08:46.869508,0,True
502,49,tab_switch,warning,2026-09-05 00:32:53.869508,0,True
503,49,focus_loss,warning,2026-09-05 00:10:31.869508,5,True
504,49,focus_loss,warning,2026-09-05 00:16:19.869508,27,True
505,49,focus_loss,warning,2026-09-05 00:28:02.869508,30,True
506,49,focus_loss,warning,2026-09-05 00:38:57.869508,30,True
507,49,focus_loss,warning,2026-09-05 00:07:04.869508,14,True
508,49,focus_loss,warning,2026-09-05 00:27:51.869508,28,True
509,49,focus_loss,warning,2026-09-05 00:18:58.869508,3,True
510,49,face_absent,warning,2026-09-05 00:37:32.869508,31,True
511,49,face_absent,warning,2026-09-05 00:09:21.869508,31,True
512,49,face_absent,warning,2026-09-05 00:31:57.869508,32,True
513,49,audio_spike,info,2026-09-05 00:26:04.869508,0,False
514,49,audio_spike,info,2026-09-05 00:18:48.869508,0,False
515,50,tab_switch,warning,2026-08-30 20:48:40.697245,0,True
516,50,tab_switch,warning,2026-08-30 21:27:10.697245,0,True
517,50,tab_switch,warning,2026-08-30 20:34:06.697245,0,True
518,50,tab_switch,warning,2026-08-30 21:32:18.697245,0,True
519,50,tab_switch,warning,2026-08-30 20:12:30.697245,0,True
520,50,tab_switch,warning,2026-08-30 21:30:38.697245,0,True
521,50,tab_switch,warning,2026-08-30 21:07:16.697245,0,True
522,50,tab_switch,warning,2026-08-30 20:45:08.697245,0,True
523,50,focus_loss,warning,2026-08-30 20:59:37.697245,23,True
524,50,focus_loss,warning,2026-08-30 20:22:58.697245,6,True
525,50,focus_loss,warning,2026-08-30 20:08:57.697245,4,True
526,50,focus_loss,warning,2026-08-30 21:11:08.697245,12,True
527,50,focus_loss,warning,2026-08-30 20:17:09.697245,6,True
528,50,focus_loss,warning,2026-08-30 21:17:16.697245,10,True
529,50,focus_loss,warning,2026-08-30 20:56:56.697245,7,True
530,50,focus_loss,warning,2026-08-30 20:54:32.697245,17,True
531,50,focus_loss,warning,2026-08-30 21:17:38.697245,24,True
532,50,face_absent,warning,2026-08-30 21:01:06.697245,48,True
533,50,face_absent,warning,2026-08-30 21:24:04.697245,48,True
534,50,face_absent,warning,2026-08-30 20:24:58.697245,48,True
535,50,face_absent,warning,2026-08-30 21:00:31.697245,48,True
536,50,multi_face,critical,2026-08-30 20:17:24.697245,0,True
537,50,multi_face,critical,2026-08-30 21:10:41.697245,0,True
538,50,multi_face,critical,2026-08-30 21:27:56.697245,0,True
539,50,audio_spike,warning,2026-08-30 20:59:36.697245,0,True
540,50,audio_spike,warning,2026-08-30 20:42:04.697245,0,True
541,50,audio_spike,warning,2026-08-30 20:08:21.697245,0,True
542,50,audio_spike,warning,2026-08-30 20:54:28.697245,0,True
543,50,audio_spike,warning,2026-08-30 20:33:32.697245,0,True
544,50,audio_spike,warning,2026-08-30 21:04:25.697245,0,True
545,50,audio_spike,warning,2026-08-30 21:04:35.697245,0,True
546,51,tab_switch,warning,2026-09-05 12:24:26.371068,0,True
547,51,tab_switch,warning,2026-09-05 12:18:33.371068,0,True
548,51,tab_switch,warning,2026-09-05 12:13:56.371068,0,True
549,51,tab_switch,warning,2026-09-05 12:36:38.371068,0,True
550,51,tab_switch,warning,2026-09-05 12:11:51.371068,0,True
551,51,tab_switch,warning,2026-09-05 12:20:04.371068,0,True
552,51,tab_switch,warning,2026-09-05 12:49:24.371068,0,True
553,51,tab_switch,warning,2026-09-05 12:49:15.371068,0,True
554,51,focus_loss,warning,2026-09-05 12:07:03.371068,22,True
555,51,focus_loss,warning,2026-09-05 12:28:22.371068,4,True
556,51,focus_loss,warning,2026-09-05 12:14:11.371068,10,True
557,51,focus_loss,warning,2026-09-05 12:44:08.371068,28,True
558,51,focus_loss,warning,2026-09-05 12:10:17.371068,9,True
559,51,focus_loss,warning,2026-09-05 12:43:26.371068,29,True
560,51,focus_loss,warning,2026-09-05 12:45:37.371068,9,True
561,51,focus_loss,warning,2026-09-05 12:21:30.371068,9,True
562,51,focus_loss,warning,2026-09-05 12:15:40.371068,13,True
563,51,focus_loss,warning,2026-09-05 12:46:17.371068,28,True
564,51,focus_loss,warning,2026-09-05 12:24:31.371068,3,True
565,51,face_absent,warning,2026-09-05 12:15:28.371068,72,True
566,51,face_absent,warning,2026-09-05 12:14:28.371068,72,True
567,51,face_absent,warning,2026-09-05 12:42:28.371068,73,True
568,51,face_absent,warning,2026-09-05 12:22:42.371068,73,True
569,51,face_absent,warning,2026-09-05 12:17:30.371068,73,True
570,51,multi_face,critical,2026-09-05 12:13:06.371068,0,True
571,51,audio_spike,warning,2026-09-05 12:07:21.371068,0,True
572,51,audio_spike,warning,2026-09-05 12:14:35.371068,0,True
573,51,audio_spike,warning,2026-09-05 12:06:36.371068,0,True
574,51,audio_spike,warning,2026-09-05 12:30:03.371068,0,True
575,51,audio_spike,warning,2026-09-05 12:21:50.371068,0,True
576,51,audio_spike,warning,2026-09-05 12:45:47.371068,0,True
577,52,tab_switch,info,2026-09-09 21:48:39.677200,0,False
578,52,face_absent,warning,2026-09-09 22:16:49.677200,31,True
579,53,tab_switch,info,2026-08-27 17:20:24.261909,0,False
580,53,tab_switch,info,2026-08-27 16:41:22.261909,0,False
581,53,focus_loss,info,2026-08-27 17:31:53.261909,26,False
582,53,focus_loss,info,2026-08-27 17:23:23.261909,30,False
583,53,face_absent,warning,2026-08-27 17:14:00.261909,33,True
584,54,focus_loss,info,2026-09-06 22:49:54.837593,18,False
585,54,face_absent,warning,2026-09-06 22:31:33.837593,32,True
586,55,tab_switch,info,2026-09-01 19:12:08.643225,0,False
587,55,focus_loss,info,2026-09-01 19:36:35.643225,22,False
588,55,focus_loss,info,2026-09-01 19:30:48.643225,21,False
589,55,face_absent,warning,2026-09-01 19:15:33.643225,9,True
590,56,tab_switch,warning,2026-08-31 18:13:04.502375,0,True
591,56,tab_switch,warning,2026-08-31 19:26:19.502375,0,True
592,56,tab_switch,warning,2026-08-31 19:12:43.502375,0,True
593,56,tab_switch,warning,2026-08-31 18:26:48.502375,0,True
594,56,tab_switch,warning,2026-08-31 18:56:10.502375,0,True
595,56,tab_switch,warning,2026-08-31 18:59:06.502375,0,True
596,56,tab_switch,warning,2026-08-31 18:28:38.502375,0,True
597,56,tab_switch,warning,2026-08-31 18:53:56.502375,0,True
598,56,tab_switch,warning,2026-08-31 18:43:43.502375,0,True
599,56,tab_switch,warning,2026-08-31 18:59:22.502375,0,True
600,56,tab_switch,warning,2026-08-31 18:51:53.502375,0,True
601,56,focus_loss,warning,2026-08-31 18:10:25.502375,16,True
602,56,focus_loss,warning,2026-08-31 18:55:43.502375,13,True
603,56,focus_loss,warning,2026-08-31 18:32:15.502375,13,True
604,56,focus_loss,warning,2026-08-31 18:18:17.502375,14,True
605,56,focus_loss,warning,2026-08-31 19:02:12.502375,24,True
606,56,focus_loss,warning,2026-08-31 18:09:54.502375,5,True
607,56,focus_loss,warning,2026-08-31 18:09:06.502375,29,True
608,56,focus_loss,warning,2026-08-31 18:56:24.502375,5,True
609,56,focus_loss,warning,2026-08-31 18:48:19.502375,6,True
610,56,focus_loss,warning,2026-08-31 18:15:12.502375,28,True
611,56,focus_loss,warning,2026-08-31 18:05:38.502375,20,True
612,56,focus_loss,warning,2026-08-31 19:14:07.502375,21,True
613,56,focus_loss,warning,2026-08-31 18:42:27.502375,20,True
614,56,face_absent,warning,2026-08-31 18:14:08.502375,97,True
615,56,face_absent,warning,2026-08-31 18:53:32.502375,98,True
616,56,face_absent,warning,2026-08-31 18:45:43.502375,98,True
617,56,face_absent,warning,2026-08-31 18:55:11.502375,98,True
618,56,face_absent,warning,2026-08-31 18:04:28.502375,98,True
619,56,multi_face,critical,2026-08-31 18:36:43.502375,0,True
620,56,multi_face,critical,2026-08-31 19:19:25.502375,0,True
621,56,audio_spike,info,2026-08-31 18:40:06.502375,0,False
622,56,audio_spike,info,2026-08-31 18:45:27.502375,0,False
623,56,audio_spike,info,2026-08-31 18:11:35.502375,0,False
624,57,tab_switch,warning,2026-08-30 20:54:05.087715,0,True
625,57,tab_switch,warning,2026-08-30 21:22:13.087715,0,True
626,57,tab_switch,warning,2026-08-30 20:56:28.087715,0,True
627,57,tab_switch,warning,2026-08-30 20:21:58.087715,0,True
628,57,tab_switch,warning,2026-08-30 20:44:19.087715,0,True
629,57,tab_switch,warning,2026-08-30 21:24:40.087715,0,True
630,57,tab_switch,warning,2026-08-30 20:37:09.087715,0,True
631,57,tab_switch,warning,2026-08-30 21:04:52.087715,0,True
632,57,tab_switch,warning,2026-08-30 21:22:52.087715,0,True
633,57,tab_switch,warning,2026-08-30 21:31:10.087715,0,True
634,57,focus_loss,warning,2026-08-30 21:34:01.087715,22,True
635,57,focus_loss,warning,2026-08-30 20:09:52.087715,20,True
636,57,focus_loss,warning,2026-08-30 20:42:47.087715,22,True
637,57,focus_loss,warning,2026-08-30 20:30:54.087715,3,True
638,57,focus_loss,warning,2026-08-30 20:48:28.087715,11,True
639,57,focus_loss,warning,2026-08-30 20:54:12.087715,13,True
640,57,focus_loss,warning,2026-08-30 20:31:03.087715,3,True
641,57,focus_loss,warning,2026-08-30 20:25:50.087715,30,True
642,57,face_absent,warning,2026-08-30 21:23:36.087715,85,True
643,57,face_absent,warning,2026-08-30 21:01:00.087715,85,True
644,57,face_absent,warning,2026-08-30 20:15:47.087715,85,True
645,57,face_absent,warning,2026-08-30 20:25:39.087715,85,True
646,57,face_absent,warning,2026-08-30 21:32:43.087715,86,True
647,57,multi_face,critical,2026-08-30 20:10:28.087715,0,True
648,57,audio_spike,info,2026-08-30 20:18:48.087715,0,False
649,57,audio_spike,info,2026-08-30 21:18:42.087715,0,False
650,57,audio_spike,info,2026-08-30 20:35:39.087715,0,False
651,58,audio_spike,warning,2026-09-11 08:15:57.926081,0,False
652,58,focus_loss,warning,2026-09-11 08:16:02.297657,0,False
653,58,tab_switch,warning,2026-09-11 08:16:02.299876,0,True
654,58,audio_spike,warning,2026-09-11 08:16:50.153160,0,False
655,58,tab_switch,warning,2026-09-11 08:16:53.656192,0,True
656,58,focus_loss,warning,2026-09-11 08:16:53.655276,0,False
657,58,audio_spike,warning,2026-09-11 08:17:19.677893,0,False
658,58,focus_loss,warning,2026-09-11 08:17:24.111964,0,False
659,59,audio_spike,warning,2026-09-11 08:48:31.900505,0,False
660,59,multi_face,critical,2026-09-11 08:48:32.110433,0,True
661,59,multi_face,critical,2026-09-11 08:48:32.121248,0,True
662,59,multi_face,critical,2026-09-11 08:48:32.134894,0,True
663,59,multi_face,critical,2026-09-11 08:48:32.252380,0,True
664,59,multi_face,critical,2026-09-11 08:48:32.271737,0,True
665,60,focus_loss,info,2026-09-07 15:34:15.032348,6,False
666,60,face_absent,warning,2026-09-07 16:07:36.032348,10,True
667,60,audio_spike,info,2026-09-07 15:33:13.032348,0,False
668,61,focus_loss,info,2026-08-26 23:10:04.655774,15,False
669,61,focus_loss,info,2026-08-26 23:39:20.655774,20,False
670,61,face_absent,warning,2026-08-27 00:25:08.655774,39,True
671,62,tab_switch,info,2026-08-31 17:39:20.129035,0,False
672,62,tab_switch,info,2026-08-31 17:10:43.129035,0,False
673,62,face_absent,warning,2026-08-31 17:31:37.129035,47,True
674,63,tab_switch,info,2026-08-30 17:46:19.747745,0,False
675,63,focus_loss,info,2026-08-30 17:40:17.747745,9,False
676,63,face_absent,warning,2026-08-30 18:06:18.747745,15,True
677,63,audio_spike,info,2026-08-30 17:26:56.747745,0,False
678,64,focus_loss,info,2026-09-09 12:09:09.145172,24,False
679,64,face_absent,warning,2026-09-09 11:32:31.145172,22,True
680,65,tab_switch,warning,2026-09-08 08:43:35.878553,0,True
681,65,tab_switch,warning,2026-09-08 08:36:31.878553,0,True
682,65,tab_switch,warning,2026-09-08 08:53:24.878553,0,True
683,65,tab_switch,warning,2026-09-08 08:40:50.878553,0,True
684,65,tab_switch,warning,2026-09-08 08:19:16.878553,0,True
685,65,tab_switch,warning,2026-09-08 08:27:35.878553,0,True
686,65,focus_loss,info,2026-09-08 08:26:21.878553,7,False
687,65,focus_loss,info,2026-09-08 08:47:50.878553,26,False
688,65,focus_loss,info,2026-09-08 08:27:27.878553,20,False
689,65,focus_loss,info,2026-09-08 08:49:25.878553,26,False
690,65,focus_loss,info,2026-09-08 08:49:21.878553,16,False
691,65,face_absent,warning,2026-09-08 08:36:46.878553,87,True
692,65,multi_face,critical,2026-09-08 08:34:13.878553,0,True
693,65,audio_spike,info,2026-09-08 08:24:29.878553,0,False
694,66,tab_switch,warning,2026-09-12 11:22:41.978344,0,True
695,66,tab_switch,warning,2026-09-12 11:46:28.978344,0,True
696,66,tab_switch,warning,2026-09-12 10:33:43.978344,0,True
697,66,tab_switch,warning,2026-09-12 11:17:35.978344,0,True
698,66,tab_switch,warning,2026-09-12 11:17:09.978344,0,True
699,66,tab_switch,warning,2026-09-12 11:46:24.978344,0,True
700,66,tab_switch,warning,2026-09-12 11:28:57.978344,0,True
701,66,tab_switch,warning,2026-09-12 11:37:17.978344,0,True
702,66,focus_loss,warning,2026-09-12 11:40:35.978344,11,True
703,66,focus_loss,warning,2026-09-12 10:26:37.978344,30,True
704,66,focus_loss,warning,2026-09-12 10:40:41.978344,24,True
705,66,focus_loss,warning,2026-09-12 11:38:21.978344,24,True
706,66,focus_loss,warning,2026-09-12 11:01:28.978344,27,True
707,66,focus_loss,warning,2026-09-12 11:52:33.978344,27,True
708,66,face_absent,warning,2026-09-12 11:11:29.978344,86,True
709,66,face_absent,warning,2026-09-12 10:40:16.978344,86,True
710,66,face_absent,warning,2026-09-12 11:05:07.978344,86,True
711,66,multi_face,critical,2026-09-12 11:24:24.978344,0,True
712,66,multi_face,critical,2026-09-12 10:46:38.978344,0,True
713,66,multi_face,critical,2026-09-12 11:26:59.978344,0,True
714,66,audio_spike,info,2026-09-12 10:25:29.978344,0,False
715,66,audio_spike,info,2026-09-12 11:01:00.978344,0,False
716,66,audio_spike,info,2026-09-12 11:33:23.978344,0,False
717,66,audio_spike,info,2026-09-12 10:49:26.978344,0,False
718,67,tab_switch,warning,2026-08-28 03:57:55.787644,0,True
719,67,tab_switch,warning,2026-08-28 04:20:22.787644,0,True
720,67,tab_switch,warning,2026-08-28 03:16:19.787644,0,True
721,67,tab_switch,warning,2026-08-28 03:28:56.787644,0,True
722,67,focus_loss,info,2026-08-28 03:55:39.787644,14,False
723,67,focus_loss,info,2026-08-28 03:21:34.787644,10,False
724,67,focus_loss,info,2026-08-28 04:31:07.787644,10,False
725,67,focus_loss,info,2026-08-28 03:25:21.787644,5,False
726,67,face_absent,warning,2026-08-28 04:20:01.787644,40,True
727,67,face_absent,warning,2026-08-28 03:23:06.787644,40,True
728,67,audio_spike,info,2026-08-28 04:26:23.787644,0,False
729,67,audio_spike,info,2026-08-28 03:30:50.787644,0,False
730,67,audio_spike,info,2026-08-28 03:31:11.787644,0,False
731,68,tab_switch,warning,2026-09-03 12:26:15.859195,0,True
732,68,tab_switch,warning,2026-09-03 12:41:21.859195,0,True
733,68,tab_switch,warning,2026-09-03 12:53:16.859195,0,True
734,68,tab_switch,warning,2026-09-03 13:27:31.859195,0,True
735,68,tab_switch,warning,2026-09-03 12:49:47.859195,0,True
736,68,focus_loss,warning,2026-09-03 13:09:27.859195,17,True
737,68,focus_loss,warning,2026-09-03 12:15:19.859195,17,True
738,68,focus_loss,warning,2026-09-03 12:29:28.859195,10,True
739,68,focus_loss,warning,2026-09-03 12:44:57.859195,5,True
740,68,focus_loss,warning,2026-09-03 13:19:07.859195,3,True
741,68,focus_loss,warning,2026-09-03 12:30:13.859195,20,True
742,68,focus_loss,warning,2026-09-03 12:28:52.859195,21,True
743,68,face_absent,warning,2026-09-03 11:59:46.859195,38,True
744,68,face_absent,warning,2026-09-03 12:08:29.859195,38,True
745,68,face_absent,warning,2026-09-03 13:24:57.859195,38,True
746,68,audio_spike,info,2026-09-03 12:06:50.859195,0,False
747,68,audio_spike,info,2026-09-03 12:30:03.859195,0,False
748,68,audio_spike,info,2026-09-03 12:08:00.859195,0,False
749,69,tab_switch,info,2026-08-27 01:47:05.115430,0,False
750,69,tab_switch,info,2026-08-27 01:19:18.115430,0,False
751,69,tab_switch,info,2026-08-27 01:49:15.115430,0,False
752,69,focus_loss,warning,2026-08-27 01:42:33.115430,21,True
753,69,focus_loss,warning,2026-08-27 01:42:34.115430,10,True
754,69,focus_loss,warning,2026-08-27 01:38:04.115430,28,True
755,69,focus_loss,warning,2026-08-27 01:16:43.115430,9,True
756,69,focus_loss,warning,2026-08-27 01:39:42.115430,6,True
757,69,focus_loss,warning,2026-08-27 01:39:11.115430,14,True
758,69,focus_loss,warning,2026-08-27 01:42:09.115430,16,True
759,69,face_absent,warning,2026-08-27 01:13:58.115430,95,True
760,69,multi_face,critical,2026-08-27 01:54:23.115430,0,True
761,69,audio_spike,info,2026-08-27 01:17:00.115430,0,False
762,70,face_absent,warning,2026-08-30 15:26:32.099438,17,True
763,70,audio_spike,info,2026-08-30 15:45:46.099438,0,False
764,71,tab_switch,warning,2026-09-05 02:46:04.240951,0,True
765,71,tab_switch,warning,2026-09-05 02:38:27.240951,0,True
766,71,tab_switch,warning,2026-09-05 02:58:37.240951,0,True
767,71,tab_switch,warning,2026-09-05 02:02:33.240951,0,True
768,71,focus_loss,info,2026-09-05 02:52:59.240951,5,False
769,71,focus_loss,info,2026-09-05 02:17:41.240951,30,False
770,71,focus_loss,info,2026-09-05 02:29:17.240951,8,False
771,71,face_absent,warning,2026-09-05 02:34:42.240951,65,True
772,71,face_absent,warning,2026-09-05 02:34:24.240951,65,True
773,71,audio_spike,info,2026-09-05 02:16:08.240951,0,False
774,72,tab_switch,warning,2026-08-27 00:09:55.447833,0,True
775,72,tab_switch,warning,2026-08-27 00:18:59.447833,0,True
776,72,tab_switch,warning,2026-08-27 00:14:16.447833,0,True
777,72,tab_switch,warning,2026-08-26 23:51:37.447833,0,True
778,72,tab_switch,warning,2026-08-26 23:54:00.447833,0,True
779,72,tab_switch,warning,2026-08-27 00:01:18.447833,0,True
780,72,focus_loss,info,2026-08-26 23:45:02.447833,9,False
781,72,focus_loss,info,2026-08-27 00:18:03.447833,21,False
782,72,focus_loss,info,2026-08-27 00:02:27.447833,4,False
783,72,face_absent,warning,2026-08-26 23:44:57.447833,46,True
784,72,face_absent,warning,2026-08-26 23:44:28.447833,47,True
785,72,multi_face,critical,2026-08-27 00:20:55.447833,0,True
786,72,audio_spike,info,2026-08-27 00:13:35.447833,0,False
787,72,audio_spike,info,2026-08-27 00:15:22.447833,0,False
788,73,tab_switch,info,2026-08-30 06:24:29.887367,0,False
789,73,tab_switch,info,2026-08-30 06:47:19.887367,0,False
790,73,tab_switch,info,2026-08-30 07:10:20.887367,0,False
791,73,focus_loss,warning,2026-08-30 07:32:59.887367,6,True
792,73,focus_loss,warning,2026-08-30 07:34:15.887367,10,True
793,73,focus_loss,warning,2026-08-30 06:20:38.887367,22,True
794,73,focus_loss,warning,2026-08-30 06:26:24.887367,22,True
795,73,focus_loss,warning,2026-08-30 07:34:54.887367,16,True
796,73,focus_loss,warning,2026-08-30 07:26:35.887367,21,True
797,73,focus_loss,warning,2026-08-30 06:50:49.887367,13,True
798,73,face_absent,warning,2026-08-30 06:43:06.887367,83,True
799,73,audio_spike,info,2026-08-30 06:58:06.887367,0,False
800,73,audio_spike,info,2026-08-30 06:47:48.887367,0,False
801,73,audio_spike,info,2026-08-30 06:51:28.887367,0,False
802,74,tab_switch,info,2026-09-07 20:38:16.293059,0,False
803,74,focus_loss,info,2026-09-07 20:02:41.293059,21,False
804,74,face_absent,warning,2026-09-07 20:00:52.293059,5,True
805,74,audio_spike,info,2026-09-07 20:32:34.293059,0,False
806,75,tab_switch,info,2026-09-05 20:29:50.934558,0,False
807,75,face_absent,warning,2026-09-05 20:24:04.934558,9,True
808,76,tab_switch,info,2026-08-30 16:51:34.325142,0,False
809,76,tab_switch,info,2026-08-30 16:13:21.325142,0,False
810,76,focus_loss,info,2026-08-30 16:24:20.325142,7,False
811,76,face_absent,warning,2026-08-30 16:14:09.325142,47,True
812,76,audio_spike,info,2026-08-30 16:13:35.325142,0,False
813,77,tab_switch,info,2026-09-06 16:51:50.546651,0,False
814,77,tab_switch,info,2026-09-06 16:50:41.546651,0,False
815,77,face_absent,warning,2026-09-06 16:34:28.546651,18,True
816,77,audio_spike,info,2026-09-06 17:15:05.546651,0,False
817,78,tab_switch,warning,2026-09-10 20:58:55.037682,0,True
818,78,tab_switch,warning,2026-09-10 20:52:04.037682,0,True
819,78,tab_switch,warning,2026-09-10 21:11:12.037682,0,True
820,78,tab_switch,warning,2026-09-10 21:18:42.037682,0,True
821,78,tab_switch,warning,2026-09-10 21:10:14.037682,0,True
822,78,focus_loss,info,2026-09-10 20:41:42.037682,20,False
823,78,focus_loss,info,2026-09-10 20:46:11.037682,6,False
824,78,focus_loss,info,2026-09-10 20:51:13.037682,25,False
825,78,face_absent,warning,2026-09-10 21:18:17.037682,102,True
826,78,audio_spike,info,2026-09-10 20:43:30.037682,0,False
827,78,audio_spike,info,2026-09-10 21:06:15.037682,0,False
828,78,audio_spike,info,2026-09-10 21:20:48.037682,0,False
829,79,focus_loss,info,2026-08-26 15:19:23.363888,9,False
830,79,face_absent,warning,2026-08-26 14:49:52.363888,7,True
831,79,audio_spike,info,2026-08-26 15:18:21.363888,0,False
832,80,tab_switch,warning,2026-09-10 19:56:50.883809,0,True
833,80,tab_switch,warning,2026-09-10 19:57:34.883809,0,True
834,80,tab_switch,warning,2026-09-10 19:14:19.883809,0,True
835,80,tab_switch,warning,2026-09-10 19:30:22.883809,0,True
836,80,tab_switch,warning,2026-09-10 19:03:55.883809,0,True
837,80,tab_switch,warning,2026-09-10 19:14:28.883809,0,True
838,80,focus_loss,warning,2026-09-10 19:24:54.883809,26,True
839,80,focus_loss,warning,2026-09-10 19:30:20.883809,28,True
840,80,focus_loss,warning,2026-09-10 19:47:57.883809,28,True
841,80,focus_loss,warning,2026-09-10 19:52:24.883809,30,True
842,80,focus_loss,warning,2026-09-10 19:19:10.883809,28,True
843,80,focus_loss,warning,2026-09-10 19:13:06.883809,11,True
844,80,focus_loss,warning,2026-09-10 19:50:06.883809,28,True
845,80,face_absent,warning,2026-09-10 19:09:36.883809,26,True
846,80,face_absent,warning,2026-09-10 19:28:20.883809,26,True
847,80,face_absent,warning,2026-09-10 19:04:52.883809,27,True
848,80,audio_spike,info,2026-09-10 20:00:50.883809,0,False
849,81,tab_switch,warning,2026-09-08 18:09:18.630813,0,True
850,81,tab_switch,warning,2026-09-08 18:23:19.630813,0,True
851,81,tab_switch,warning,2026-09-08 18:18:31.630813,0,True
852,81,tab_switch,warning,2026-09-08 18:15:08.630813,0,True
853,81,tab_switch,warning,2026-09-08 18:00:51.630813,0,True
854,81,tab_switch,warning,2026-09-08 18:15:10.630813,0,True
855,81,tab_switch,warning,2026-09-08 18:20:05.630813,0,True
856,81,tab_switch,warning,2026-09-08 18:39:54.630813,0,True
857,81,tab_switch,warning,2026-09-08 18:30:53.630813,0,True
858,81,tab_switch,warning,2026-09-08 18:23:24.630813,0,True
859,81,tab_switch,warning,2026-09-08 18:32:43.630813,0,True
860,81,tab_switch,warning,2026-09-08 18:18:43.630813,0,True
861,81,tab_switch,warning,2026-09-08 17:58:00.630813,0,True
862,81,tab_switch,warning,2026-09-08 18:03:59.630813,0,True
863,81,focus_loss,warning,2026-09-08 18:08:18.630813,11,True
864,81,focus_loss,warning,2026-09-08 18:14:14.630813,21,True
865,81,focus_loss,warning,2026-09-08 18:03:31.630813,4,True
866,81,focus_loss,warning,2026-09-08 18:25:46.630813,22,True
867,81,focus_loss,warning,2026-09-08 18:17:31.630813,14,True
868,81,focus_loss,warning,2026-09-08 18:37:30.630813,16,True
869,81,focus_loss,warning,2026-09-08 18:04:00.630813,19,True
870,81,focus_loss,warning,2026-09-08 18:35:28.630813,15,True
871,81,focus_loss,warning,2026-09-08 18:13:30.630813,9,True
872,81,focus_loss,warning,2026-09-08 18:25:53.630813,4,True
873,81,focus_loss,warning,2026-09-08 18:31:36.630813,3,True
874,81,face_absent,warning,2026-09-08 18:32:52.630813,74,True
875,81,face_absent,warning,2026-09-08 18:09:34.630813,74,True
876,81,face_absent,warning,2026-09-08 18:20:58.630813,74,True
877,81,face_absent,warning,2026-09-08 18:25:33.630813,74,True
878,81,multi_face,critical,2026-09-08 18:00:53.630813,0,True
879,81,audio_spike,info,2026-09-08 18:18:39.630813,0,False
880,81,audio_spike,info,2026-09-08 18:38:39.630813,0,False
881,81,audio_spike,info,2026-09-08 18:17:32.630813,0,False
882,82,tab_switch,warning,2026-09-01 23:24:39.247916,0,True
883,82,tab_switch,warning,2026-09-01 23:59:58.247916,0,True
884,82,tab_switch,warning,2026-09-01 23:01:39.247916,0,True
885,82,tab_switch,warning,2026-09-01 23:10:28.247916,0,True
886,82,tab_switch,warning,2026-09-01 23:41:41.247916,0,True
887,82,tab_switch,warning,2026-09-01 23:36:02.247916,0,True
888,82,tab_switch,warning,2026-09-01 23:08:02.247916,0,True
889,82,tab_switch,warning,2026-09-02 00:08:19.247916,0,True
890,82,tab_switch,warning,2026-09-02 00:01:59.247916,0,True
891,82,tab_switch,warning,2026-09-01 23:25:22.247916,0,True
892,82,tab_switch,warning,2026-09-01 23:39:43.247916,0,True
893,82,focus_loss,warning,2026-09-01 22:44:20.247916,20,True
894,82,focus_loss,warning,2026-09-01 23:23:27.247916,12,True
895,82,focus_loss,warning,2026-09-01 23:42:58.247916,9,True
896,82,focus_loss,warning,2026-09-02 00:03:28.247916,28,True
897,82,focus_loss,warning,2026-09-01 23:28:16.247916,22,True
898,82,focus_loss,warning,2026-09-01 23:44:36.247916,17,True
899,82,focus_loss,warning,2026-09-01 23:13:27.247916,17,True
900,82,focus_loss,warning,2026-09-01 23:48:53.247916,19,True
901,82,focus_loss,warning,2026-09-01 23:07:27.247916,28,True
902,82,focus_loss,warning,2026-09-01 22:55:51.247916,24,True
903,82,focus_loss,warning,2026-09-01 23:54:39.247916,12,True
904,82,focus_loss,warning,2026-09-02 00:10:42.247916,24,True
905,82,focus_loss,warning,2026-09-01 23:30:02.247916,22,True
906,82,focus_loss,warning,2026-09-01 23:16:21.247916,5,True
907,82,face_absent,warning,2026-09-01 23:26:39.247916,97,True
908,82,face_absent,warning,2026-09-01 23:14:57.247916,97,True
909,82,face_absent,warning,2026-09-01 23:11:28.247916,97,True
910,82,face_absent,warning,2026-09-01 23:04:24.247916,98,True
911,82,multi_face,critical,2026-09-01 22:47:37.247916,0,True
912,82,multi_face,critical,2026-09-01 22:50:35.247916,0,True
913,82,audio_spike,warning,2026-09-01 23:17:42.247916,0,True
914,82,audio_spike,warning,2026-09-01 23:49:09.247916,0,True
915,82,audio_spike,warning,2026-09-02 00:07:44.247916,0,True
916,82,audio_spike,warning,2026-09-01 22:54:13.247916,0,True
917,82,audio_spike,warning,2026-09-01 23:46:27.247916,0,True
918,82,audio_spike,warning,2026-09-01 23:40:52.247916,0,True
919,83,tab_switch,info,2026-08-29 10:43:30.146891,0,False
920,83,focus_loss,info,2026-08-29 11:26:59.146891,27,False
921,83,face_absent,warning,2026-08-29 10:58:49.146891,14,True
922,84,tab_switch,warning,2026-09-13 16:22:34.979335,0,True
923,84,tab_switch,warning,2026-09-13 17:07:48.979335,0,True
924,84,tab_switch,warning,2026-09-13 17:16:53.979335,0,True
925,84,tab_switch,warning,2026-09-13 17:20:40.979335,0,True
926,84,tab_switch,warning,2026-09-13 17:25:39.979335,0,True
927,84,tab_switch,warning,2026-09-13 16:47:41.979335,0,True
928,84,focus_loss,info,2026-09-13 17:04:47.979335,27,False
929,84,focus_loss,info,2026-09-13 17:13:17.979335,22,False
930,84,focus_loss,info,2026-09-13 17:19:10.979335,16,False
931,84,face_absent,warning,2026-09-13 17:05:14.979335,30,True
932,84,face_absent,warning,2026-09-13 16:26:05.979335,30,True
933,84,face_absent,warning,2026-09-13 17:09:10.979335,31,True
934,84,audio_spike,info,2026-09-13 17:05:48.979335,0,False
935,84,audio_spike,info,2026-09-13 16:39:45.979335,0,False
936,85,tab_switch,info,2026-09-01 21:14:49.605257,0,False
937,85,tab_switch,info,2026-09-01 21:43:15.605257,0,False
938,85,focus_loss,info,2026-09-01 21:41:20.605257,10,False
939,85,face_absent,warning,2026-09-01 21:50:06.605257,22,True
940,85,audio_spike,info,2026-09-01 21:47:54.605257,0,False
941,86,tab_switch,warning,2026-08-28 05:56:56.576493,0,True
942,86,tab_switch,warning,2026-08-28 06:20:52.576493,0,True
943,86,tab_switch,warning,2026-08-28 06:20:22.576493,0,True
944,86,tab_switch,warning,2026-08-28 06:15:08.576493,0,True
945,86,tab_switch,warning,2026-08-28 06:29:35.576493,0,True
946,86,tab_switch,warning,2026-08-28 06:24:21.576493,0,True
947,86,tab_switch,warning,2026-08-28 06:20:56.576493,0,True
948,86,tab_switch,warning,2026-08-28 05:56:48.576493,0,True
949,86,tab_switch,warning,2026-08-28 06:06:40.576493,0,True
950,86,tab_switch,warning,2026-08-28 06:21:13.576493,0,True
951,86,focus_loss,warning,2026-08-28 06:32:25.576493,15,True
952,86,focus_loss,warning,2026-08-28 05:53:53.576493,25,True
953,86,focus_loss,warning,2026-08-28 06:31:51.576493,30,True
954,86,focus_loss,warning,2026-08-28 06:25:06.576493,15,True
955,86,focus_loss,warning,2026-08-28 06:16:33.576493,3,True
956,86,focus_loss,warning,2026-08-28 06:19:10.576493,12,True
957,86,focus_loss,warning,2026-08-28 06:21:09.576493,30,True
958,86,focus_loss,warning,2026-08-28 06:29:49.576493,20,True
959,86,focus_loss,warning,2026-08-28 06:33:43.576493,28,True
960,86,focus_loss,warning,2026-08-28 06:25:52.576493,10,True
961,86,focus_loss,warning,2026-08-28 06:11:10.576493,10,True
962,86,focus_loss,warning,2026-08-28 06:25:42.576493,16,True
963,86,face_absent,warning,2026-08-28 05:54:31.576493,51,True
964,86,face_absent,warning,2026-08-28 06:19:05.576493,51,True
965,86,face_absent,warning,2026-08-28 06:15:29.576493,52,True
966,86,face_absent,warning,2026-08-28 06:20:09.576493,52,True
967,86,face_absent,warning,2026-08-28 06:03:49.576493,52,True
968,86,multi_face,critical,2026-08-28 06:24:27.576493,0,True
969,86,multi_face,critical,2026-08-28 06:01:15.576493,0,True
970,86,multi_face,critical,2026-08-28 06:35:01.576493,0,True
971,86,audio_spike,info,2026-08-28 06:29:00.576493,0,False
972,86,audio_spike,info,2026-08-28 05:54:23.576493,0,False
973,86,audio_spike,info,2026-08-28 06:19:26.576493,0,False
974,86,audio_spike,info,2026-08-28 06:32:57.576493,0,False
975,87,focus_loss,info,2026-08-28 08:03:31.604210,15,False
976,87,face_absent,warning,2026-08-28 07:55:37.604210,8,True
977,87,audio_spike,info,2026-08-28 08:12:13.604210,0,False
978,88,tab_switch,warning,2026-09-11 14:53:36.751796,0,True
979,88,tab_switch,warning,2026-09-11 14:39:17.751796,0,True
980,88,tab_switch,warning,2026-09-11 14:06:01.751796,0,True
981,88,tab_switch,warning,2026-09-11 14:26:21.751796,0,True
982,88,tab_switch,warning,2026-09-11 14:17:46.751796,0,True
983,88,focus_loss,warning,2026-09-11 14:07:09.751796,23,True
984,88,focus_loss,warning,2026-09-11 14:46:57.751796,27,True
985,88,focus_loss,warning,2026-09-11 14:53:57.751796,4,True
986,88,focus_loss,warning,2026-09-11 14:19:20.751796,3,True
987,88,focus_loss,warning,2026-09-11 14:59:45.751796,9,True
988,88,focus_loss,warning,2026-09-11 14:44:52.751796,3,True
989,88,face_absent,warning,2026-09-11 14:12:52.751796,35,True
990,88,face_absent,warning,2026-09-11 14:18:45.751796,35,True
991,88,multi_face,critical,2026-09-11 14:11:05.751796,0,True
992,88,audio_spike,info,2026-09-11 14:34:47.751796,0,False
993,89,tab_switch,warning,2026-09-07 00:15:41.653092,0,True
994,89,tab_switch,warning,2026-09-07 00:15:52.653092,0,True
995,89,tab_switch,warning,2026-09-06 23:08:36.653092,0,True
996,89,tab_switch,warning,2026-09-06 23:15:19.653092,0,True
997,89,focus_loss,warning,2026-09-06 23:07:43.653092,12,True
998,89,focus_loss,warning,2026-09-06 22:56:28.653092,21,True
999,89,focus_loss,warning,2026-09-07 00:11:34.653092,12,True
1000,89,focus_loss,warning,2026-09-06 23:44:12.653092,24,True
1001,89,focus_loss,warning,2026-09-06 23:20:02.653092,15,True
1002,89,focus_loss,warning,2026-09-07 00:13:48.653092,5,True
1003,89,face_absent,warning,2026-09-07 00:18:36.653092,30,True
1004,89,face_absent,warning,2026-09-06 23:26:07.653092,31,True
1005,89,face_absent,warning,2026-09-06 23:06:52.653092,31,True
1006,89,multi_face,critical,2026-09-06 23:34:08.653092,0,True
1007,89,audio_spike,info,2026-09-07 00:14:56.653092,0,False
1008,90,tab_switch,info,2026-09-10 19:47:27.773407,0,False
1009,90,focus_loss,info,2026-09-10 21:06:27.773407,19,False
1010,90,focus_loss,info,2026-09-10 19:39:46.773407,13,False
1011,90,face_absent,warning,2026-09-10 20:35:24.773407,47,True
1012,90,audio_spike,info,2026-09-10 20:44:58.773407,0,False
1013,91,tab_switch,warning,2026-09-09 09:04:53.701036,0,True
1014,91,tab_switch,warning,2026-09-09 08:38:55.701036,0,True
1015,91,tab_switch,warning,2026-09-09 09:02:31.701036,0,True
1016,91,tab_switch,warning,2026-09-09 09:15:39.701036,0,True
1017,91,tab_switch,warning,2026-09-09 08:57:13.701036,0,True
1018,91,tab_switch,warning,2026-09-09 09:13:21.701036,0,True
1019,91,tab_switch,warning,2026-09-09 08:53:29.701036,0,True
1020,91,tab_switch,warning,2026-09-09 08:52:13.701036,0,True
1021,91,tab_switch,warning,2026-09-09 08:50:13.701036,0,True
1022,91,tab_switch,warning,2026-09-09 09:16:51.701036,0,True
1023,91,tab_switch,warning,2026-09-09 09:10:23.701036,0,True
1024,91,tab_switch,warning,2026-09-09 09:00:55.701036,0,True
1025,91,tab_switch,warning,2026-09-09 08:38:48.701036,0,True
1026,91,tab_switch,warning,2026-09-09 08:42:29.701036,0,True
1027,91,focus_loss,warning,2026-09-09 08:37:14.701036,30,True
1028,91,focus_loss,warning,2026-09-09 08:26:23.701036,29,True
1029,91,focus_loss,warning,2026-09-09 08:51:15.701036,11,True
1030,91,focus_loss,warning,2026-09-09 09:11:42.701036,10,True
1031,91,focus_loss,warning,2026-09-09 08:59:23.701036,17,True
1032,91,focus_loss,warning,2026-09-09 09:06:05.701036,22,True
1033,91,focus_loss,warning,2026-09-09 08:43:26.701036,15,True
1034,91,focus_loss,warning,2026-09-09 08:54:13.701036,3,True
1035,91,face_absent,warning,2026-09-09 09:18:34.701036,67,True
1036,91,face_absent,warning,2026-09-09 08:42:40.701036,67,True
1037,91,face_absent,warning,2026-09-09 08:32:53.701036,68,True
1038,91,face_absent,warning,2026-09-09 08:53:46.701036,68,True
1039,91,multi_face,critical,2026-09-09 08:34:57.701036,0,True
1040,91,multi_face,critical,2026-09-09 08:44:42.701036,0,True
1041,91,multi_face,critical,2026-09-09 09:14:56.701036,0,True
1042,91,audio_spike,warning,2026-09-09 08:38:07.701036,0,True
1043,91,audio_spike,warning,2026-09-09 08:43:43.701036,0,True
1044,91,audio_spike,warning,2026-09-09 08:39:34.701036,0,True
1045,91,audio_spike,warning,2026-09-09 09:01:10.701036,0,True
1046,91,audio_spike,warning,2026-09-09 09:08:21.701036,0,True
1047,91,audio_spike,warning,2026-09-09 08:39:20.701036,0,True
1048,91,audio_spike,warning,2026-09-09 08:58:25.701036,0,True
1049,92,tab_switch,info,2026-09-05 16:39:02.034932,0,False
1050,92,tab_switch,info,2026-09-05 17:11:14.034932,0,False
1051,92,tab_switch,info,2026-09-05 17:34:25.034932,0,False
1052,92,focus_loss,info,2026-09-05 17:13:14.034932,25,False
1053,92,focus_loss,info,2026-09-05 16:08:35.034932,17,False
1054,92,focus_loss,info,2026-09-05 16:46:24.034932,5,False
1055,92,focus_loss,info,2026-09-05 17:01:26.034932,10,False
1056,92,face_absent,warning,2026-09-05 16:39:27.034932,37,True
1057,92,face_absent,warning,2026-09-05 16:48:02.034932,37,True
1058,92,face_absent,warning,2026-09-05 17:25:38.034932,38,True
1059,92,multi_face,critical,2026-09-05 16:56:37.034932,0,True
1060,92,audio_spike,info,2026-09-05 17:10:50.034932,0,False
1061,92,audio_spike,info,2026-09-05 17:21:48.034932,0,False
1062,92,audio_spike,info,2026-09-05 17:18:43.034932,0,False
1063,93,tab_switch,warning,2026-09-13 23:36:37.838149,0,True
1064,93,tab_switch,warning,2026-09-13 23:35:12.838149,0,True
1065,93,tab_switch,warning,2026-09-13 23:27:42.838149,0,True
1066,93,tab_switch,warning,2026-09-14 00:08:42.838149,0,True
1067,93,tab_switch,warning,2026-09-13 23:32:36.838149,0,True
1068,93,focus_loss,info,2026-09-13 23:27:37.838149,13,False
1069,93,focus_loss,info,2026-09-13 23:56:02.838149,26,False
1070,93,focus_loss,info,2026-09-14 00:06:34.838149,27,False
1071,93,focus_loss,info,2026-09-13 23:32:32.838149,8,False
1072,93,focus_loss,info,2026-09-14 00:09:53.838149,9,False
1073,93,face_absent,warning,2026-09-13 23:52:31.838149,39,True
1074,93,face_absent,warning,2026-09-13 23:38:20.838149,39,True
1075,93,face_absent,warning,2026-09-14 00:08:55.838149,40,True
1076,93,multi_face,critical,2026-09-13 23:59:42.838149,0,True
1077,93,audio_spike,info,2026-09-14 00:11:21.838149,0,False
1078,93,audio_spike,info,2026-09-13 23:55:16.838149,0,False
1079,94,tab_switch,info,2026-09-02 16:53:00.033625,0,False
1080,94,tab_switch,info,2026-09-02 16:13:39.033625,0,False
1081,94,tab_switch,info,2026-09-02 17:24:39.033625,0,False
1082,94,focus_loss,info,2026-09-02 16:49:11.033625,7,False
1083,94,focus_loss,info,2026-09-02 16:19:10.033625,4,False
1084,94,focus_loss,info,2026-09-02 16:51:37.033625,20,False
1085,94,focus_loss,info,2026-09-02 16:28:58.033625,25,False
1086,94,face_absent,warning,2026-09-02 17:38:49.033625,44,True
1087,94,face_absent,warning,2026-09-02 17:18:45.033625,45,True
1088,94,multi_face,critical,2026-09-02 16:25:44.033625,0,True
1089,94,audio_spike,info,2026-09-02 16:13:24.033625,0,False
1090,95,tab_switch,info,2026-09-06 00:17:40.900298,0,False
1091,95,focus_loss,info,2026-09-05 23:26:38.900298,18,False
1092,95,face_absent,warning,2026-09-06 00:14:58.900298,8,True
1093,95,audio_spike,info,2026-09-05 23:23:18.900298,0,False
1094,96,focus_loss,info,2026-09-11 06:25:57.696838,28,False
1095,96,focus_loss,info,2026-09-11 05:53:20.696838,12,False
1096,96,face_absent,warning,2026-09-11 06:04:28.696838,14,True
1097,97,tab_switch,warning,2026-09-07 06:58:05.025481,0,True
1098,97,tab_switch,warning,2026-09-07 06:36:16.025481,0,True
1099,97,tab_switch,warning,2026-09-07 06:19:25.025481,0,True
1100,97,tab_switch,warning,2026-09-07 06:55:22.025481,0,True
1101,97,focus_loss,warning,2026-09-07 05:45:57.025481,22,True
1102,97,focus_loss,warning,2026-09-07 05:51:16.025481,22,True
1103,97,focus_loss,warning,2026-09-07 06:06:06.025481,27,True
1104,97,focus_loss,warning,2026-09-07 06:06:32.025481,23,True
1105,97,focus_loss,warning,2026-09-07 05:48:49.025481,11,True
1106,97,focus_loss,warning,2026-09-07 06:10:28.025481,8,True
1107,97,focus_loss,warning,2026-09-07 06:53:05.025481,8,True
1108,97,face_absent,warning,2026-09-07 05:47:58.025481,58,True
1109,97,face_absent,warning,2026-09-07 05:59:06.025481,59,True
1110,97,multi_face,critical,2026-09-07 05:38:05.025481,0,True
1111,97,audio_spike,info,2026-09-07 06:33:30.025481,0,False
1112,97,audio_spike,info,2026-09-07 06:39:14.025481,0,False
1113,98,focus_loss,info,2026-09-11 21:18:15.047550,5,False
1114,98,face_absent,warning,2026-09-11 20:47:16.047550,49,True
1115,98,audio_spike,info,2026-09-11 20:49:23.047550,0,False
1116,99,tab_switch,info,2026-09-06 12:19:48.281653,0,False
1117,99,tab_switch,info,2026-09-06 11:11:43.281653,0,False
1118,99,face_absent,warning,2026-09-06 11:27:39.281653,12,True
1119,100,tab_switch,warning,2026-09-08 21:00:36.126330,0,True
1120,100,tab_switch,warning,2026-09-08 21:24:06.126330,0,True
1121,100,tab_switch,warning,2026-09-08 21:12:52.126330,0,True
1122,100,tab_switch,warning,2026-09-08 21:19:35.126330,0,True
1123,100,tab_switch,warning,2026-09-08 21:10:42.126330,0,True
1124,100,tab_switch,warning,2026-09-08 21:26:16.126330,0,True
1125,100,tab_switch,warning,2026-09-08 21:28:58.126330,0,True
1126,100,tab_switch,warning,2026-09-08 21:25:49.126330,0,True
1127,100,tab_switch,warning,2026-09-08 21:22:00.126330,0,True
1128,100,focus_loss,warning,2026-09-08 21:32:56.126330,5,True
1129,100,focus_loss,warning,2026-09-08 21:21:36.126330,4,True
1130,100,focus_loss,warning,2026-09-08 21:14:07.126330,26,True
1131,100,focus_loss,warning,2026-09-08 21:09:12.126330,22,True
1132,100,focus_loss,warning,2026-09-08 20:58:21.126330,3,True
1133,100,focus_loss,warning,2026-09-08 21:31:23.126330,10,True
1134,100,focus_loss,warning,2026-09-08 20:53:31.126330,21,True
1135,100,focus_loss,warning,2026-09-08 21:10:30.126330,27,True
1136,100,focus_loss,warning,2026-09-08 20:54:51.126330,21,True
1137,100,focus_loss,warning,2026-09-08 21:04:04.126330,27,True
1138,100,face_absent,warning,2026-09-08 21:24:14.126330,94,True
1139,100,face_absent,warning,2026-09-08 21:27:32.126330,94,True
1140,100,face_absent,warning,2026-09-08 21:22:18.126330,94,True
1141,100,face_absent,warning,2026-09-08 21:11:06.126330,94,True
1142,100,face_absent,warning,2026-09-08 21:04:30.126330,95,True
1143,100,multi_face,critical,2026-09-08 21:32:04.126330,0,True
1144,100,multi_face,critical,2026-09-08 21:21:52.126330,0,True
1145,100,audio_spike,warning,2026-09-08 21:35:27.126330,0,True
1146,100,audio_spike,warning,2026-09-08 21:25:41.126330,0,True
1147,100,audio_spike,warning,2026-09-08 20:58:20.126330,0,True
1148,100,audio_spike,warning,2026-09-08 21:24:12.126330,0,True
1149,100,audio_spike,warning,2026-09-08 21:15:52.126330,0,True
1150,100,audio_spike,warning,2026-09-08 21:19:59.126330,0,True
1151,101,focus_loss,info,2026-08-27 09:14:00.308209,12,False
1152,101,face_absent,warning,2026-08-27 08:56:07.308209,49,True
1153,101,audio_spike,info,2026-08-27 09:24:19.308209,0,False
1154,102,tab_switch,info,2026-08-30 19:46:08.809309,0,False
1155,102,face_absent,warning,2026-08-30 20:25:30.809309,21,True
1156,102,audio_spike,info,2026-08-30 20:40:34.809309,0,False
1157,103,tab_switch,info,2026-09-01 00:57:41.281049,0,False
1158,103,focus_loss,info,2026-09-01 00:40:44.281049,27,False
1159,103,face_absent,warning,2026-09-01 00:58:04.281049,17,True
1160,103,audio_spike,info,2026-09-01 00:33:02.281049,0,False
1161,104,tab_switch,info,2026-08-28 00:06:25.509318,0,False
1162,104,tab_switch,info,2026-08-28 00:00:06.509318,0,False
1163,104,face_absent,warning,2026-08-28 00:41:08.509318,33,True
1164,104,audio_spike,info,2026-08-28 00:39:41.509318,0,False
1165,105,tab_switch,info,2026-08-30 21:56:54.519050,0,False
1166,105,focus_loss,info,2026-08-30 21:59:40.519050,10,False
1167,105,focus_loss,info,2026-08-30 22:00:13.519050,17,False
1168,105,face_absent,warning,2026-08-30 23:12:37.519050,40,True
1169,105,audio_spike,info,2026-08-30 22:05:12.519050,0,False
1170,106,tab_switch,info,2026-08-28 10:42:53.946519,0,False
1171,106,tab_switch,info,2026-08-28 10:11:41.946519,0,False
1172,106,focus_loss,info,2026-08-28 10:53:40.946519,17,False
1173,106,focus_loss,info,2026-08-28 10:30:47.946519,7,False
1174,106,face_absent,warning,2026-08-28 10:04:26.946519,31,True
1175,106,audio_spike,info,2026-08-28 11:00:15.946519,0,False
1176,107,focus_loss,info,2026-08-31 18:20:44.466866,29,False
1177,107,face_absent,warning,2026-08-31 18:59:00.466866,26,True
1178,107,audio_spike,info,2026-08-31 19:01:08.466866,0,False
1179,108,audio_spike,warning,2026-09-15 06:09:41.243879,0,False
1180,108,multi_face,critical,2026-09-15 06:09:41.446148,0,True
1181,108,multi_face,critical,2026-09-15 06:09:41.460391,0,True
1182,108,multi_face,critical,2026-09-15 06:09:41.468661,0,True
1183,108,multi_face,critical,2026-09-15 06:09:41.484800,0,True
1184,108,multi_face,critical,2026-09-15 06:09:41.501241,0,True
1185,109,focus_loss,info,2026-09-09 15:36:53.032348,6,False
1186,109,face_absent,warning,2026-09-09 16:10:14.032348,10,True
1187,109,audio_spike,info,2026-09-09 15:35:51.032348,0,False
1188,110,focus_loss,info,2026-08-28 23:12:42.655774,15,False
1189,110,focus_loss,info,2026-08-28 23:41:58.655774,20,False
1190,110,face_absent,warning,2026-08-29 00:27:46.655774,39,True
1191,111,tab_switch,info,2026-09-02 17:41:58.129035,0,False
1192,111,tab_switch,info,2026-09-02 17:13:21.129035,0,False
1193,111,face_absent,warning,2026-09-02 17:34:15.129035,47,True
1194,112,tab_switch,info,2026-09-01 17:48:57.747745,0,False
1195,112,focus_loss,info,2026-09-01 17:42:55.747745,9,False
1196,112,face_absent,warning,2026-09-01 18:08:56.747745,15,True
1197,112,audio_spike,info,2026-09-01 17:29:34.747745,0,False
1198,113,focus_loss,info,2026-09-11 12:11:47.145172,24,False
1199,113,face_absent,warning,2026-09-11 11:35:09.145172,22,True
1200,114,tab_switch,warning,2026-09-10 08:46:13.878553,0,True
1201,114,tab_switch,warning,2026-09-10 08:39:09.878553,0,True
1202,114,tab_switch,warning,2026-09-10 08:56:02.878553,0,True
1203,114,tab_switch,warning,2026-09-10 08:43:28.878553,0,True
1204,114,tab_switch,warning,2026-09-10 08:21:54.878553,0,True
1205,114,tab_switch,warning,2026-09-10 08:30:13.878553,0,True
1206,114,focus_loss,info,2026-09-10 08:28:59.878553,7,False
1207,114,focus_loss,info,2026-09-10 08:50:28.878553,26,False
1208,114,focus_loss,info,2026-09-10 08:30:05.878553,20,False
1209,114,focus_loss,info,2026-09-10 08:52:03.878553,26,False
1210,114,focus_loss,info,2026-09-10 08:51:59.878553,16,False
1211,114,face_absent,warning,2026-09-10 08:39:24.878553,87,True
1212,114,multi_face,critical,2026-09-10 08:36:51.878553,0,True
1213,114,audio_spike,info,2026-09-10 08:27:07.878553,0,False
1214,115,tab_switch,warning,2026-09-14 11:25:19.978344,0,True
1215,115,tab_switch,warning,2026-09-14 11:49:06.978344,0,True
1216,115,tab_switch,warning,2026-09-14 10:36:21.978344,0,True
1217,115,tab_switch,warning,2026-09-14 11:20:13.978344,0,True
1218,115,tab_switch,warning,2026-09-14 11:19:47.978344,0,True
1219,115,tab_switch,warning,2026-09-14 11:49:02.978344,0,True
1220,115,tab_switch,warning,2026-09-14 11:31:35.978344,0,True
1221,115,tab_switch,warning,2026-09-14 11:39:55.978344,0,True
1222,115,focus_loss,warning,2026-09-14 11:43:13.978344,11,True
1223,115,focus_loss,warning,2026-09-14 10:29:15.978344,30,True
1224,115,focus_loss,warning,2026-09-14 10:43:19.978344,24,True
1225,115,focus_loss,warning,2026-09-14 11:40:59.978344,24,True
1226,115,focus_loss,warning,2026-09-14 11:04:06.978344,27,True
1227,115,focus_loss,warning,2026-09-14 11:55:11.978344,27,True
1228,115,face_absent,warning,2026-09-14 11:14:07.978344,86,True
1229,115,face_absent,warning,2026-09-14 10:42:54.978344,86,True
1230,115,face_absent,warning,2026-09-14 11:07:45.978344,86,True
1231,115,multi_face,critical,2026-09-14 11:27:02.978344,0,True
1232,115,multi_face,critical,2026-09-14 10:49:16.978344,0,True
1233,115,multi_face,critical,2026-09-14 11:29:37.978344,0,True
1234,115,audio_spike,info,2026-09-14 10:28:07.978344,0,False
1235,115,audio_spike,info,2026-09-14 11:03:38.978344,0,False
1236,115,audio_spike,info,2026-09-14 11:36:01.978344,0,False
1237,115,audio_spike,info,2026-09-14 10:52:04.978344,0,False
1238,116,tab_switch,warning,2026-08-30 04:00:33.787644,0,True
1239,116,tab_switch,warning,2026-08-30 04:23:00.787644,0,True
1240,116,tab_switch,warning,2026-08-30 03:18:57.787644,0,True
1241,116,tab_switch,warning,2026-08-30 03:31:34.787644,0,True
1242,116,focus_loss,info,2026-08-30 03:58:17.787644,14,False
1243,116,focus_loss,info,2026-08-30 03:24:12.787644,10,False
1244,116,focus_loss,info,2026-08-30 04:33:45.787644,10,False
1245,116,focus_loss,info,2026-08-30 03:27:59.787644,5,False
1246,116,face_absent,warning,2026-08-30 04:22:39.787644,40,True
1247,116,face_absent,warning,2026-08-30 03:25:44.787644,40,True
1248,116,audio_spike,info,2026-08-30 04:29:01.787644,0,False
1249,116,audio_spike,info,2026-08-30 03:33:28.787644,0,False
1250,116,audio_spike,info,2026-08-30 03:33:49.787644,0,False
1251,117,tab_switch,warning,2026-09-05 12:28:53.859195,0,True
1252,117,tab_switch,warning,2026-09-05 12:43:59.859195,0,True
1253,117,tab_switch,warning,2026-09-05 12:55:54.859195,0,True
1254,117,tab_switch,warning,2026-09-05 13:30:09.859195,0,True
1255,117,tab_switch,warning,2026-09-05 12:52:25.859195,0,True
1256,117,focus_loss,warning,2026-09-05 13:12:05.859195,17,True
1257,117,focus_loss,warning,2026-09-05 12:17:57.859195,17,True
1258,117,focus_loss,warning,2026-09-05 12:32:06.859195,10,True
1259,117,focus_loss,warning,2026-09-05 12:47:35.859195,5,True
1260,117,focus_loss,warning,2026-09-05 13:21:45.859195,3,True
1261,117,focus_loss,warning,2026-09-05 12:32:51.859195,20,True
1262,117,focus_loss,warning,2026-09-05 12:31:30.859195,21,True
1263,117,face_absent,warning,2026-09-05 12:02:24.859195,38,True
1264,117,face_absent,warning,2026-09-05 12:11:07.859195,38,True
1265,117,face_absent,warning,2026-09-05 13:27:35.859195,38,True
1266,117,audio_spike,info,2026-09-05 12:09:28.859195,0,False
1267,117,audio_spike,info,2026-09-05 12:32:41.859195,0,False
1268,117,audio_spike,info,2026-09-05 12:10:38.859195,0,False
1269,118,tab_switch,info,2026-08-29 01:49:43.115430,0,False
1270,118,tab_switch,info,2026-08-29 01:21:56.115430,0,False
1271,118,tab_switch,info,2026-08-29 01:51:53.115430,0,False
1272,118,focus_loss,warning,2026-08-29 01:45:11.115430,21,True
1273,118,focus_loss,warning,2026-08-29 01:45:12.115430,10,True
1274,118,focus_loss,warning,2026-08-29 01:40:42.115430,28,True
1275,118,focus_loss,warning,2026-08-29 01:19:21.115430,9,True
1276,118,focus_loss,warning,2026-08-29 01:42:20.115430,6,True
1277,118,focus_loss,warning,2026-08-29 01:41:49.115430,14,True
1278,118,focus_loss,warning,2026-08-29 01:44:47.115430,16,True
1279,118,face_absent,warning,2026-08-29 01:16:36.115430,95,True
1280,118,multi_face,critical,2026-08-29 01:57:01.115430,0,True
1281,118,audio_spike,info,2026-08-29 01:19:38.115430,0,False
1282,119,face_absent,warning,2026-09-01 15:29:10.099438,17,True
1283,119,audio_spike,info,2026-09-01 15:48:24.099438,0,False
1284,120,tab_switch,warning,2026-09-07 02:48:42.240951,0,True
1285,120,tab_switch,warning,2026-09-07 02:41:05.240951,0,True
1286,120,tab_switch,warning,2026-09-07 03:01:15.240951,0,True
1287,120,tab_switch,warning,2026-09-07 02:05:11.240951,0,True
1288,120,focus_loss,info,2026-09-07 02:55:37.240951,5,False
1289,120,focus_loss,info,2026-09-07 02:20:19.240951,30,False
1290,120,focus_loss,info,2026-09-07 02:31:55.240951,8,False
1291,120,face_absent,warning,2026-09-07 02:37:20.240951,65,True
1292,120,face_absent,warning,2026-09-07 02:37:02.240951,65,True
1293,120,audio_spike,info,2026-09-07 02:18:46.240951,0,False
1294,121,tab_switch,warning,2026-08-29 00:12:33.447833,0,True
1295,121,tab_switch,warning,2026-08-29 00:21:37.447833,0,True
1296,121,tab_switch,warning,2026-08-29 00:16:54.447833,0,True
1297,121,tab_switch,warning,2026-08-28 23:54:15.447833,0,True
1298,121,tab_switch,warning,2026-08-28 23:56:38.447833,0,True
1299,121,tab_switch,warning,2026-08-29 00:03:56.447833,0,True
1300,121,focus_loss,info,2026-08-28 23:47:40.447833,9,False
1301,121,focus_loss,info,2026-08-29 00:20:41.447833,21,False
1302,121,focus_loss,info,2026-08-29 00:05:05.447833,4,False
1303,121,face_absent,warning,2026-08-28 23:47:35.447833,46,True
1304,121,face_absent,warning,2026-08-28 23:47:06.447833,47,True
1305,121,multi_face,critical,2026-08-29 00:23:33.447833,0,True
1306,121,audio_spike,info,2026-08-29 00:16:13.447833,0,False
1307,121,audio_spike,info,2026-08-29 00:18:00.447833,0,False
1308,122,tab_switch,info,2026-09-01 06:27:07.887367,0,False
1309,122,tab_switch,info,2026-09-01 06:49:57.887367,0,False
1310,122,tab_switch,info,2026-09-01 07:12:58.887367,0,False
1311,122,focus_loss,warning,2026-09-01 07:35:37.887367,6,True
1312,122,focus_loss,warning,2026-09-01 07:36:53.887367,10,True
1313,122,focus_loss,warning,2026-09-01 06:23:16.887367,22,True
1314,122,focus_loss,warning,2026-09-01 06:29:02.887367,22,True
1315,122,focus_loss,warning,2026-09-01 07:37:32.887367,16,True
1316,122,focus_loss,warning,2026-09-01 07:29:13.887367,21,True
1317,122,focus_loss,warning,2026-09-01 06:53:27.887367,13,True
1318,122,face_absent,warning,2026-09-01 06:45:44.887367,83,True
1319,122,audio_spike,info,2026-09-01 07:00:44.887367,0,False
1320,122,audio_spike,info,2026-09-01 06:50:26.887367,0,False
1321,122,audio_spike,info,2026-09-01 06:54:06.887367,0,False
1322,123,tab_switch,info,2026-09-09 20:40:54.293059,0,False
1323,123,focus_loss,info,2026-09-09 20:05:19.293059,21,False
1324,123,face_absent,warning,2026-09-09 20:03:30.293059,5,True
1325,123,audio_spike,info,2026-09-09 20:35:12.293059,0,False
1326,124,tab_switch,info,2026-09-07 20:32:28.934558,0,False
1327,124,face_absent,warning,2026-09-07 20:26:42.934558,9,True
1328,125,tab_switch,info,2026-09-01 16:54:12.325142,0,False
1329,125,tab_switch,info,2026-09-01 16:15:59.325142,0,False
1330,125,focus_loss,info,2026-09-01 16:26:58.325142,7,False
1331,125,face_absent,warning,2026-09-01 16:16:47.325142,47,True
1332,125,audio_spike,info,2026-09-01 16:16:13.325142,0,False
1333,126,tab_switch,info,2026-09-08 16:54:28.546651,0,False
1334,126,tab_switch,info,2026-09-08 16:53:19.546651,0,False
1335,126,face_absent,warning,2026-09-08 16:37:06.546651,18,True
1336,126,audio_spike,info,2026-09-08 17:17:43.546651,0,False
1337,127,tab_switch,warning,2026-09-12 21:01:33.037682,0,True
1338,127,tab_switch,warning,2026-09-12 20:54:42.037682,0,True
1339,127,tab_switch,warning,2026-09-12 21:13:50.037682,0,True
1340,127,tab_switch,warning,2026-09-12 21:21:20.037682,0,True
1341,127,tab_switch,warning,2026-09-12 21:12:52.037682,0,True
1342,127,focus_loss,info,2026-09-12 20:44:20.037682,20,False
1343,127,focus_loss,info,2026-09-12 20:48:49.037682,6,False
1344,127,focus_loss,info,2026-09-12 20:53:51.037682,25,False
1345,127,face_absent,warning,2026-09-12 21:20:55.037682,102,True
1346,127,audio_spike,info,2026-09-12 20:46:08.037682,0,False
1347,127,audio_spike,info,2026-09-12 21:08:53.037682,0,False
1348,127,audio_spike,info,2026-09-12 21:23:26.037682,0,False
1349,128,focus_loss,info,2026-08-28 15:22:01.363888,9,False
1350,128,face_absent,warning,2026-08-28 14:52:30.363888,7,True
1351,128,audio_spike,info,2026-08-28 15:20:59.363888,0,False
1352,129,tab_switch,warning,2026-09-12 19:59:28.883809,0,True
1353,129,tab_switch,warning,2026-09-12 20:00:12.883809,0,True
1354,129,tab_switch,warning,2026-09-12 19:16:57.883809,0,True
1355,129,tab_switch,warning,2026-09-12 19:33:00.883809,0,True
1356,129,tab_switch,warning,2026-09-12 19:06:33.883809,0,True
1357,129,tab_switch,warning,2026-09-12 19:17:06.883809,0,True
1358,129,focus_loss,warning,2026-09-12 19:27:32.883809,26,True
1359,129,focus_loss,warning,2026-09-12 19:32:58.883809,28,True
1360,129,focus_loss,warning,2026-09-12 19:50:35.883809,28,True
1361,129,focus_loss,warning,2026-09-12 19:55:02.883809,30,True
1362,129,focus_loss,warning,2026-09-12 19:21:48.883809,28,True
1363,129,focus_loss,warning,2026-09-12 19:15:44.883809,11,True
1364,129,focus_loss,warning,2026-09-12 19:52:44.883809,28,True
1365,129,face_absent,warning,2026-09-12 19:12:14.883809,26,True
1366,129,face_absent,warning,2026-09-12 19:30:58.883809,26,True
1367,129,face_absent,warning,2026-09-12 19:07:30.883809,27,True
1368,129,audio_spike,info,2026-09-12 20:03:28.883809,0,False
1369,130,tab_switch,warning,2026-09-10 18:11:56.630813,0,True
1370,130,tab_switch,warning,2026-09-10 18:25:57.630813,0,True
1371,130,tab_switch,warning,2026-09-10 18:21:09.630813,0,True
1372,130,tab_switch,warning,2026-09-10 18:17:46.630813,0,True
1373,130,tab_switch,warning,2026-09-10 18:03:29.630813,0,True
1374,130,tab_switch,warning,2026-09-10 18:17:48.630813,0,True
1375,130,tab_switch,warning,2026-09-10 18:22:43.630813,0,True
1376,130,tab_switch,warning,2026-09-10 18:42:32.630813,0,True
1377,130,tab_switch,warning,2026-09-10 18:33:31.630813,0,True
1378,130,tab_switch,warning,2026-09-10 18:26:02.630813,0,True
1379,130,tab_switch,warning,2026-09-10 18:35:21.630813,0,True
1380,130,tab_switch,warning,2026-09-10 18:21:21.630813,0,True
1381,130,tab_switch,warning,2026-09-10 18:00:38.630813,0,True
1382,130,tab_switch,warning,2026-09-10 18:06:37.630813,0,True
1383,130,focus_loss,warning,2026-09-10 18:10:56.630813,11,True
1384,130,focus_loss,warning,2026-09-10 18:16:52.630813,21,True
1385,130,focus_loss,warning,2026-09-10 18:06:09.630813,4,True
1386,130,focus_loss,warning,2026-09-10 18:28:24.630813,22,True
1387,130,focus_loss,warning,2026-09-10 18:20:09.630813,14,True
1388,130,focus_loss,warning,2026-09-10 18:40:08.630813,16,True
1389,130,focus_loss,warning,2026-09-10 18:06:38.630813,19,True
1390,130,focus_loss,warning,2026-09-10 18:38:06.630813,15,True
1391,130,focus_loss,warning,2026-09-10 18:16:08.630813,9,True
1392,130,focus_loss,warning,2026-09-10 18:28:31.630813,4,True
1393,130,focus_loss,warning,2026-09-10 18:34:14.630813,3,True
1394,130,face_absent,warning,2026-09-10 18:35:30.630813,74,True
1395,130,face_absent,warning,2026-09-10 18:12:12.630813,74,True
1396,130,face_absent,warning,2026-09-10 18:23:36.630813,74,True
1397,130,face_absent,warning,2026-09-10 18:28:11.630813,74,True
1398,130,multi_face,critical,2026-09-10 18:03:31.630813,0,True
1399,130,audio_spike,info,2026-09-10 18:21:17.630813,0,False
1400,130,audio_spike,info,2026-09-10 18:41:17.630813,0,False
1401,130,audio_spike,info,2026-09-10 18:20:10.630813,0,False
1402,131,tab_switch,warning,2026-09-03 23:27:17.247916,0,True
1403,131,tab_switch,warning,2026-09-04 00:02:36.247916,0,True
1404,131,tab_switch,warning,2026-09-03 23:04:17.247916,0,True
1405,131,tab_switch,warning,2026-09-03 23:13:06.247916,0,True
1406,131,tab_switch,warning,2026-09-03 23:44:19.247916,0,True
1407,131,tab_switch,warning,2026-09-03 23:38:40.247916,0,True
1408,131,tab_switch,warning,2026-09-03 23:10:40.247916,0,True
1409,131,tab_switch,warning,2026-09-04 00:10:57.247916,0,True
1410,131,tab_switch,warning,2026-09-04 00:04:37.247916,0,True
1411,131,tab_switch,warning,2026-09-03 23:28:00.247916,0,True
1412,131,tab_switch,warning,2026-09-03 23:42:21.247916,0,True
1413,131,focus_loss,warning,2026-09-03 22:46:58.247916,20,True
1414,131,focus_loss,warning,2026-09-03 23:26:05.247916,12,True
1415,131,focus_loss,warning,2026-09-03 23:45:36.247916,9,True
1416,131,focus_loss,warning,2026-09-04 00:06:06.247916,28,True
1417,131,focus_loss,warning,2026-09-03 23:30:54.247916,22,True
1418,131,focus_loss,warning,2026-09-03 23:47:14.247916,17,True
1419,131,focus_loss,warning,2026-09-03 23:16:05.247916,17,True
1420,131,focus_loss,warning,2026-09-03 23:51:31.247916,19,True
1421,131,focus_loss,warning,2026-09-03 23:10:05.247916,28,True
1422,131,focus_loss,warning,2026-09-03 22:58:29.247916,24,True
1423,131,focus_loss,warning,2026-09-03 23:57:17.247916,12,True
1424,131,focus_loss,warning,2026-09-04 00:13:20.247916,24,True
1425,131,focus_loss,warning,2026-09-03 23:32:40.247916,22,True
1426,131,focus_loss,warning,2026-09-03 23:18:59.247916,5,True
1427,131,face_absent,warning,2026-09-03 23:29:17.247916,97,True
1428,131,face_absent,warning,2026-09-03 23:17:35.247916,97,True
1429,131,face_absent,warning,2026-09-03 23:14:06.247916,97,True
1430,131,face_absent,warning,2026-09-03 23:07:02.247916,98,True
1431,131,multi_face,critical,2026-09-03 22:50:15.247916,0,True
1432,131,multi_face,critical,2026-09-03 22:53:13.247916,0,True
1433,131,audio_spike,warning,2026-09-03 23:20:20.247916,0,True
1434,131,audio_spike,warning,2026-09-03 23:51:47.247916,0,True
1435,131,audio_spike,warning,2026-09-04 00:10:22.247916,0,True
1436,131,audio_spike,warning,2026-09-03 22:56:51.247916,0,True
1437,131,audio_spike,warning,2026-09-03 23:49:05.247916,0,True
1438,131,audio_spike,warning,2026-09-03 23:43:30.247916,0,True
1439,132,tab_switch,info,2026-08-31 10:46:08.146891,0,False
1440,132,focus_loss,info,2026-08-31 11:29:37.146891,27,False
1441,132,face_absent,warning,2026-08-31 11:01:27.146891,14,True
1442,133,tab_switch,warning,2026-09-15 16:25:12.979335,0,True
1443,133,tab_switch,warning,2026-09-15 17:10:26.979335,0,True
1444,133,tab_switch,warning,2026-09-15 17:19:31.979335,0,True
1445,133,tab_switch,warning,2026-09-15 17:23:18.979335,0,True
1446,133,tab_switch,warning,2026-09-15 17:28:17.979335,0,True
1447,133,tab_switch,warning,2026-09-15 16:50:19.979335,0,True
1448,133,focus_loss,info,2026-09-15 17:07:25.979335,27,False
1449,133,focus_loss,info,2026-09-15 17:15:55.979335,22,False
1450,133,focus_loss,info,2026-09-15 17:21:48.979335,16,False
1451,133,face_absent,warning,2026-09-15 17:07:52.979335,30,True
1452,133,face_absent,warning,2026-09-15 16:28:43.979335,30,True
1453,133,face_absent,warning,2026-09-15 17:11:48.979335,31,True
1454,133,audio_spike,info,2026-09-15 17:08:26.979335,0,False
1455,133,audio_spike,info,2026-09-15 16:42:23.979335,0,False
1456,134,tab_switch,info,2026-09-03 21:17:27.605257,0,False
1457,134,tab_switch,info,2026-09-03 21:45:53.605257,0,False
1458,134,focus_loss,info,2026-09-03 21:43:58.605257,10,False
1459,134,face_absent,warning,2026-09-03 21:52:44.605257,22,True
1460,134,audio_spike,info,2026-09-03 21:50:32.605257,0,False
1461,135,tab_switch,warning,2026-08-30 05:59:34.576493,0,True
1462,135,tab_switch,warning,2026-08-30 06:23:30.576493,0,True
1463,135,tab_switch,warning,2026-08-30 06:23:00.576493,0,True
1464,135,tab_switch,warning,2026-08-30 06:17:46.576493,0,True
1465,135,tab_switch,warning,2026-08-30 06:32:13.576493,0,True
1466,135,tab_switch,warning,2026-08-30 06:26:59.576493,0,True
1467,135,tab_switch,warning,2026-08-30 06:23:34.576493,0,True
1468,135,tab_switch,warning,2026-08-30 05:59:26.576493,0,True
1469,135,tab_switch,warning,2026-08-30 06:09:18.576493,0,True
1470,135,tab_switch,warning,2026-08-30 06:23:51.576493,0,True
1471,135,focus_loss,warning,2026-08-30 06:35:03.576493,15,True
1472,135,focus_loss,warning,2026-08-30 05:56:31.576493,25,True
1473,135,focus_loss,warning,2026-08-30 06:34:29.576493,30,True
1474,135,focus_loss,warning,2026-08-30 06:27:44.576493,15,True
1475,135,focus_loss,warning,2026-08-30 06:19:11.576493,3,True
1476,135,focus_loss,warning,2026-08-30 06:21:48.576493,12,True
1477,135,focus_loss,warning,2026-08-30 06:23:47.576493,30,True
1478,135,focus_loss,warning,2026-08-30 06:32:27.576493,20,True
1479,135,focus_loss,warning,2026-08-30 06:36:21.576493,28,True
1480,135,focus_loss,warning,2026-08-30 06:28:30.576493,10,True
1481,135,focus_loss,warning,2026-08-30 06:13:48.576493,10,True
1482,135,focus_loss,warning,2026-08-30 06:28:20.576493,16,True
1483,135,face_absent,warning,2026-08-30 05:57:09.576493,51,True
1484,135,face_absent,warning,2026-08-30 06:21:43.576493,51,True
1485,135,face_absent,warning,2026-08-30 06:18:07.576493,52,True
1486,135,face_absent,warning,2026-08-30 06:22:47.576493,52,True
1487,135,face_absent,warning,2026-08-30 06:06:27.576493,52,True
1488,135,multi_face,critical,2026-08-30 06:27:05.576493,0,True
1489,135,multi_face,critical,2026-08-30 06:03:53.576493,0,True
1490,135,multi_face,critical,2026-08-30 06:37:39.576493,0,True
1491,135,audio_spike,info,2026-08-30 06:31:38.576493,0,False
1492,135,audio_spike,info,2026-08-30 05:57:01.576493,0,False
1493,135,audio_spike,info,2026-08-30 06:22:04.576493,0,False
1494,135,audio_spike,info,2026-08-30 06:35:35.576493,0,False
1495,136,focus_loss,info,2026-08-30 08:06:09.604210,15,False
1496,136,face_absent,warning,2026-08-30 07:58:15.604210,8,True
1497,136,audio_spike,info,2026-08-30 08:14:51.604210,0,False
1498,137,tab_switch,warning,2026-09-13 14:56:14.751796,0,True
1499,137,tab_switch,warning,2026-09-13 14:41:55.751796,0,True
1500,137,tab_switch,warning,2026-09-13 14:08:39.751796,0,True
1501,137,tab_switch,warning,2026-09-13 14:28:59.751796,0,True
1502,137,tab_switch,warning,2026-09-13 14:20:24.751796,0,True
1503,137,focus_loss,warning,2026-09-13 14:09:47.751796,23,True
1504,137,focus_loss,warning,2026-09-13 14:49:35.751796,27,True
1505,137,focus_loss,warning,2026-09-13 14:56:35.751796,4,True
1506,137,focus_loss,warning,2026-09-13 14:21:58.751796,3,True
1507,137,focus_loss,warning,2026-09-13 15:02:23.751796,9,True
1508,137,focus_loss,warning,2026-09-13 14:47:30.751796,3,True
1509,137,face_absent,warning,2026-09-13 14:15:30.751796,35,True
1510,137,face_absent,warning,2026-09-13 14:21:23.751796,35,True
1511,137,multi_face,critical,2026-09-13 14:13:43.751796,0,True
1512,137,audio_spike,info,2026-09-13 14:37:25.751796,0,False
1513,138,tab_switch,warning,2026-09-09 00:18:19.653092,0,True
1514,138,tab_switch,warning,2026-09-09 00:18:30.653092,0,True
1515,138,tab_switch,warning,2026-09-08 23:11:14.653092,0,True
1516,138,tab_switch,warning,2026-09-08 23:17:57.653092,0,True
1517,138,focus_loss,warning,2026-09-08 23:10:21.653092,12,True
1518,138,focus_loss,warning,2026-09-08 22:59:06.653092,21,True
1519,138,focus_loss,warning,2026-09-09 00:14:12.653092,12,True
1520,138,focus_loss,warning,2026-09-08 23:46:50.653092,24,True
1521,138,focus_loss,warning,2026-09-08 23:22:40.653092,15,True
1522,138,focus_loss,warning,2026-09-09 00:16:26.653092,5,True
1523,138,face_absent,warning,2026-09-09 00:21:14.653092,30,True
1524,138,face_absent,warning,2026-09-08 23:28:45.653092,31,True
1525,138,face_absent,warning,2026-09-08 23:09:30.653092,31,True
1526,138,multi_face,critical,2026-09-08 23:36:46.653092,0,True
1527,138,audio_spike,info,2026-09-09 00:17:34.653092,0,False
1528,139,tab_switch,info,2026-09-12 19:50:05.773407,0,False
1529,139,focus_loss,info,2026-09-12 21:09:05.773407,19,False
1530,139,focus_loss,info,2026-09-12 19:42:24.773407,13,False
1531,139,face_absent,warning,2026-09-12 20:38:02.773407,47,True
1532,139,audio_spike,info,2026-09-12 20:47:36.773407,0,False
1533,140,tab_switch,warning,2026-09-11 09:07:31.701036,0,True
1534,140,tab_switch,warning,2026-09-11 08:41:33.701036,0,True
1535,140,tab_switch,warning,2026-09-11 09:05:09.701036,0,True
1536,140,tab_switch,warning,2026-09-11 09:18:17.701036,0,True
1537,140,tab_switch,warning,2026-09-11 08:59:51.701036,0,True
1538,140,tab_switch,warning,2026-09-11 09:15:59.701036,0,True
1539,140,tab_switch,warning,2026-09-11 08:56:07.701036,0,True
1540,140,tab_switch,warning,2026-09-11 08:54:51.701036,0,True
1541,140,tab_switch,warning,2026-09-11 08:52:51.701036,0,True
1542,140,tab_switch,warning,2026-09-11 09:19:29.701036,0,True
1543,140,tab_switch,warning,2026-09-11 09:13:01.701036,0,True
1544,140,tab_switch,warning,2026-09-11 09:03:33.701036,0,True
1545,140,tab_switch,warning,2026-09-11 08:41:26.701036,0,True
1546,140,tab_switch,warning,2026-09-11 08:45:07.701036,0,True
1547,140,focus_loss,warning,2026-09-11 08:39:52.701036,30,True
1548,140,focus_loss,warning,2026-09-11 08:29:01.701036,29,True
1549,140,focus_loss,warning,2026-09-11 08:53:53.701036,11,True
1550,140,focus_loss,warning,2026-09-11 09:14:20.701036,10,True
1551,140,focus_loss,warning,2026-09-11 09:02:01.701036,17,True
1552,140,focus_loss,warning,2026-09-11 09:08:43.701036,22,True
1553,140,focus_loss,warning,2026-09-11 08:46:04.701036,15,True
1554,140,focus_loss,warning,2026-09-11 08:56:51.701036,3,True
1555,140,face_absent,warning,2026-09-11 09:21:12.701036,67,True
1556,140,face_absent,warning,2026-09-11 08:45:18.701036,67,True
1557,140,face_absent,warning,2026-09-11 08:35:31.701036,68,True
1558,140,face_absent,warning,2026-09-11 08:56:24.701036,68,True
1559,140,multi_face,critical,2026-09-11 08:37:35.701036,0,True
1560,140,multi_face,critical,2026-09-11 08:47:20.701036,0,True
1561,140,multi_face,critical,2026-09-11 09:17:34.701036,0,True
1562,140,audio_spike,warning,2026-09-11 08:40:45.701036,0,True
1563,140,audio_spike,warning,2026-09-11 08:46:21.701036,0,True
1564,140,audio_spike,warning,2026-09-11 08:42:12.701036,0,True
1565,140,audio_spike,warning,2026-09-11 09:03:48.701036,0,True
1566,140,audio_spike,warning,2026-09-11 09:10:59.701036,0,True
1567,140,audio_spike,warning,2026-09-11 08:41:58.701036,0,True
1568,140,audio_spike,warning,2026-09-11 09:01:03.701036,0,True
1569,141,tab_switch,info,2026-09-07 16:41:40.034932,0,False
1570,141,tab_switch,info,2026-09-07 17:13:52.034932,0,False
1571,141,tab_switch,info,2026-09-07 17:37:03.034932,0,False
1572,141,focus_loss,info,2026-09-07 17:15:52.034932,25,False
1573,141,focus_loss,info,2026-09-07 16:11:13.034932,17,False
1574,141,focus_loss,info,2026-09-07 16:49:02.034932,5,False
1575,141,focus_loss,info,2026-09-07 17:04:04.034932,10,False
1576,141,face_absent,warning,2026-09-07 16:42:05.034932,37,True
1577,141,face_absent,warning,2026-09-07 16:50:40.034932,37,True
1578,141,face_absent,warning,2026-09-07 17:28:16.034932,38,True
1579,141,multi_face,critical,2026-09-07 16:59:15.034932,0,True
1580,141,audio_spike,info,2026-09-07 17:13:28.034932,0,False
1581,141,audio_spike,info,2026-09-07 17:24:26.034932,0,False
1582,141,audio_spike,info,2026-09-07 17:21:21.034932,0,False
1583,142,tab_switch,warning,2026-09-15 23:39:15.838149,0,True
1584,142,tab_switch,warning,2026-09-15 23:37:50.838149,0,True
1585,142,tab_switch,warning,2026-09-15 23:30:20.838149,0,True
1586,142,tab_switch,warning,2026-09-16 00:11:20.838149,0,True
1587,142,tab_switch,warning,2026-09-15 23:35:14.838149,0,True
1588,142,focus_loss,info,2026-09-15 23:30:15.838149,13,False
1589,142,focus_loss,info,2026-09-15 23:58:40.838149,26,False
1590,142,focus_loss,info,2026-09-16 00:09:12.838149,27,False
1591,142,focus_loss,info,2026-09-15 23:35:10.838149,8,False
1592,142,focus_loss,info,2026-09-16 00:12:31.838149,9,False
1593,142,face_absent,warning,2026-09-15 23:55:09.838149,39,True
1594,142,face_absent,warning,2026-09-15 23:40:58.838149,39,True
1595,142,face_absent,warning,2026-09-16 00:11:33.838149,40,True
1596,142,multi_face,critical,2026-09-16 00:02:20.838149,0,True
1597,142,audio_spike,info,2026-09-16 00:13:59.838149,0,False
1598,142,audio_spike,info,2026-09-15 23:57:54.838149,0,False
1599,143,tab_switch,info,2026-09-04 16:55:38.033625,0,False
1600,143,tab_switch,info,2026-09-04 16:16:17.033625,0,False
1601,143,tab_switch,info,2026-09-04 17:27:17.033625,0,False
1602,143,focus_loss,info,2026-09-04 16:51:49.033625,7,False
1603,143,focus_loss,info,2026-09-04 16:21:48.033625,4,False
1604,143,focus_loss,info,2026-09-04 16:54:15.033625,20,False
1605,143,focus_loss,info,2026-09-04 16:31:36.033625,25,False
1606,143,face_absent,warning,2026-09-04 17:41:27.033625,44,True
1607,143,face_absent,warning,2026-09-04 17:21:23.033625,45,True
1608,143,multi_face,critical,2026-09-04 16:28:22.033625,0,True
1609,143,audio_spike,info,2026-09-04 16:16:02.033625,0,False
1610,144,tab_switch,info,2026-09-08 00:20:18.900298,0,False
1611,144,focus_loss,info,2026-09-07 23:29:16.900298,18,False
1612,144,face_absent,warning,2026-09-08 00:17:36.900298,8,True
1613,144,audio_spike,info,2026-09-07 23:25:56.900298,0,False
1614,145,focus_loss,info,2026-09-13 06:28:35.696838,28,False
1615,145,focus_loss,info,2026-09-13 05:55:58.696838,12,False
1616,145,face_absent,warning,2026-09-13 06:07:06.696838,14,True
1617,146,tab_switch,warning,2026-09-09 07:00:43.025481,0,True
1618,146,tab_switch,warning,2026-09-09 06:38:54.025481,0,True
1619,146,tab_switch,warning,2026-09-09 06:22:03.025481,0,True
1620,146,tab_switch,warning,2026-09-09 06:58:00.025481,0,True
1621,146,focus_loss,warning,2026-09-09 05:48:35.025481,22,True
1622,146,focus_loss,warning,2026-09-09 05:53:54.025481,22,True
1623,146,focus_loss,warning,2026-09-09 06:08:44.025481,27,True
1624,146,focus_loss,warning,2026-09-09 06:09:10.025481,23,True
1625,146,focus_loss,warning,2026-09-09 05:51:27.025481,11,True
1626,146,focus_loss,warning,2026-09-09 06:13:06.025481,8,True
1627,146,focus_loss,warning,2026-09-09 06:55:43.025481,8,True
1628,146,face_absent,warning,2026-09-09 05:50:36.025481,58,True
1629,146,face_absent,warning,2026-09-09 06:01:44.025481,59,True
1630,146,multi_face,critical,2026-09-09 05:40:43.025481,0,True
1631,146,audio_spike,info,2026-09-09 06:36:08.025481,0,False
1632,146,audio_spike,info,2026-09-09 06:41:52.025481,0,False
1633,147,focus_loss,info,2026-09-13 21:20:53.047550,5,False
1634,147,face_absent,warning,2026-09-13 20:49:54.047550,49,True
1635,147,audio_spike,info,2026-09-13 20:52:01.047550,0,False
1636,148,tab_switch,info,2026-09-08 12:22:26.281653,0,False
1637,148,tab_switch,info,2026-09-08 11:14:21.281653,0,False
1638,148,face_absent,warning,2026-09-08 11:30:17.281653,12,True
1639,149,tab_switch,warning,2026-09-10 21:03:14.126330,0,True
1640,149,tab_switch,warning,2026-09-10 21:26:44.126330,0,True
1641,149,tab_switch,warning,2026-09-10 21:15:30.126330,0,True
1642,149,tab_switch,warning,2026-09-10 21:22:13.126330,0,True
1643,149,tab_switch,warning,2026-09-10 21:13:20.126330,0,True
1644,149,tab_switch,warning,2026-09-10 21:28:54.126330,0,True
1645,149,tab_switch,warning,2026-09-10 21:31:36.126330,0,True
1646,149,tab_switch,warning,2026-09-10 21:28:27.126330,0,True
1647,149,tab_switch,warning,2026-09-10 21:24:38.126330,0,True
1648,149,focus_loss,warning,2026-09-10 21:35:34.126330,5,True
1649,149,focus_loss,warning,2026-09-10 21:24:14.126330,4,True
1650,149,focus_loss,warning,2026-09-10 21:16:45.126330,26,True
1651,149,focus_loss,warning,2026-09-10 21:11:50.126330,22,True
1652,149,focus_loss,warning,2026-09-10 21:00:59.126330,3,True
1653,149,focus_loss,warning,2026-09-10 21:34:01.126330,10,True
1654,149,focus_loss,warning,2026-09-10 20:56:09.126330,21,True
1655,149,focus_loss,warning,2026-09-10 21:13:08.126330,27,True
1656,149,focus_loss,warning,2026-09-10 20:57:29.126330,21,True
1657,149,focus_loss,warning,2026-09-10 21:06:42.126330,27,True
1658,149,face_absent,warning,2026-09-10 21:26:52.126330,94,True
1659,149,face_absent,warning,2026-09-10 21:30:10.126330,94,True
1660,149,face_absent,warning,2026-09-10 21:24:56.126330,94,True
1661,149,face_absent,warning,2026-09-10 21:13:44.126330,94,True
1662,149,face_absent,warning,2026-09-10 21:07:08.126330,95,True
1663,149,multi_face,critical,2026-09-10 21:34:42.126330,0,True
1664,149,multi_face,critical,2026-09-10 21:24:30.126330,0,True
1665,149,audio_spike,warning,2026-09-10 21:38:05.126330,0,True
1666,149,audio_spike,warning,2026-09-10 21:28:19.126330,0,True
1667,149,audio_spike,warning,2026-09-10 21:00:58.126330,0,True
1668,149,audio_spike,warning,2026-09-10 21:26:50.126330,0,True
1669,149,audio_spike,warning,2026-09-10 21:18:30.126330,0,True
1670,149,audio_spike,warning,2026-09-10 21:22:37.126330,0,True
1671,150,focus_loss,info,2026-08-29 09:16:38.308209,12,False
1672,150,face_absent,warning,2026-08-29 08:58:45.308209,49,True
1673,150,audio_spike,info,2026-08-29 09:26:57.308209,0,False
1674,151,tab_switch,info,2026-09-01 19:48:46.809309,0,False
1675,151,face_absent,warning,2026-09-01 20:28:08.809309,21,True
1676,151,audio_spike,info,2026-09-01 20:43:12.809309,0,False
1677,152,tab_switch,info,2026-09-03 01:00:19.281049,0,False
1678,152,focus_loss,info,2026-09-03 00:43:22.281049,27,False
1679,152,face_absent,warning,2026-09-03 01:00:42.281049,17,True
1680,152,audio_spike,info,2026-09-03 00:35:40.281049,0,False
1681,153,tab_switch,info,2026-08-30 00:09:03.509318,0,False
1682,153,tab_switch,info,2026-08-30 00:02:44.509318,0,False
1683,153,face_absent,warning,2026-08-30 00:43:46.509318,33,True
1684,153,audio_spike,info,2026-08-30 00:42:19.509318,0,False
1685,154,tab_switch,info,2026-09-01 21:59:32.519050,0,False
1686,154,focus_loss,info,2026-09-01 22:02:18.519050,10,False
1687,154,focus_loss,info,2026-09-01 22:02:51.519050,17,False
1688,154,face_absent,warning,2026-09-01 23:15:15.519050,40,True
1689,154,audio_spike,info,2026-09-01 22:07:50.519050,0,False
1690,155,tab_switch,info,2026-08-30 10:45:31.946519,0,False
1691,155,tab_switch,info,2026-08-30 10:14:19.946519,0,False
1692,155,focus_loss,info,2026-08-30 10:56:18.946519,17,False
1693,155,focus_loss,info,2026-08-30 10:33:25.946519,7,False
1694,155,face_absent,warning,2026-08-30 10:07:04.946519,31,True
1695,155,audio_spike,info,2026-08-30 11:02:53.946519,0,False
1696,156,focus_loss,info,2026-09-02 18:23:22.466866,29,False
1697,156,face_absent,warning,2026-09-02 19:01:38.466866,26,True
1698,156,audio_spike,info,2026-09-02 19:03:46.466866,0,False
